Lb,growth_rate,condition
1602.670702508815,84.31437975885848,glycerol
1381.818268930374,74.72557632558387,glycerol
1442.9930180691103,99.72860289200725,glycerol
2057.289175791611,100.70951357425449,glycerol
1599.2581853580548,79.8436583750091,glycerol
1750.2797185209529,72.17764913539247,glycerol
1760.628260048582,81.0871749990328,glycerol
1696.5618198453546,77.50870142906888,glycerol
1619.2574980396835,76.88768090804295,glycerol
1705.1121973468616,78.68271606313535,glycerol
2041.344941354031,83.25719325077598,glycerol
1960.9227801456807,80.81901041230714,glycerol
1678.6944770494888,89.28412768705087,glycerol
1438.112793989115,90.31304815325812,glycerol
2162.0515845158266,120.55996459965792,glycerol
1532.7119485175324,84.75328539960358,glycerol
1812.9299520062261,85.54508225635628,glycerol
1884.9804750334756,126.594378197507,glycerol
1503.907310407243,98.06144242028832,glycerol
1972.1099268052735,82.2241079421143,glycerol
1382.7370724684158,77.38635135336989,glycerol
1603.0652908725879,72.45736022694616,glycerol
1601.461825579226,71.82931222613762,glycerol
1452.0190654545897,76.85971265851451,glycerol
1652.7702059437252,73.55343030466398,glycerol
1531.3540152770017,92.4539668816808,glycerol
1485.2507271180025,84.41801689577053,glycerol
1855.5795189159976,107.42908228578789,glycerol
1628.8662134069184,132.7502919626358,glycerol
1489.3578078679004,81.27296346935339,glycerol
1386.8217215425145,79.19736108844373,glycerol
2226.3531128119976,98.05855750279464,glycerol
1993.3019193446175,79.41321488891006,glycerol
1885.6676483512715,106.12498075841889,glycerol
1679.9929764952396,76.82137460067187,glycerol
1808.3257223191895,120.92477903353291,glycerol
1681.0490678039569,95.95983624237132,glycerol
1713.226764581168,83.14406848799632,glycerol
1749.0546190493003,101.36415618523162,glycerol
1945.19270299978,82.7942398917113,glycerol
1557.1404080817865,82.3421152689771,glycerol
1687.4109195235685,84.21355301179213,glycerol
1769.9508609342145,138.93670930876036,glycerol
1622.879423981619,136.66467101863068,glycerol
1754.4848239034654,100.13842006268258,glycerol
1631.3348470643548,80.58886632153623,glycerol
1807.1716657891589,80.81956509496302,glycerol
1752.791341615876,151.7355509489356,glycerol
1585.4007079927733,140.6577278224284,glycerol
1639.7254239015326,109.27289304554404,glycerol
1828.3772356960937,102.25245297294065,glycerol
1575.108471149055,87.73510522507117,glycerol
1511.9939311416144,90.02904069193129,glycerol
1844.071823885123,87.38231045052439,glycerol
1639.2741923952758,90.72355241862012,glycerol
1744.4688352591531,95.33858708637058,glycerol
2368.277831772945,99.72040276084076,glycerol
1964.0044345535257,77.08596464221411,glycerol
1606.2053476416759,87.63145933168855,glycerol
1738.86778975139,83.21935043756923,glycerol
1760.2615887894194,93.96120336345878,glycerol
2104.4697198079753,95.52980684201556,glycerol
1759.47634518505,91.840232900985,glycerol
1838.8224028819743,161.97833867108614,glycerol
1702.9791660397934,89.17030716679807,glycerol
1580.5905141343496,89.38643764132271,glycerol
1607.785419243215,70.17936489018254,glycerol
1817.868442764566,85.75162582216264,glycerol
1760.1011104814881,95.32586959890926,glycerol
1533.5645188292306,113.16668543185946,glycerol
1610.8491386922542,85.70043848894845,glycerol
1611.7814561115742,80.55017020457419,glycerol
1398.174563751501,70.69083043400344,glycerol
2087.590357747496,166.39981024721985,glycerol
1524.886259373877,108.91426159369227,glycerol
1771.3961172509128,86.73446365517125,glycerol
1640.9654706894971,80.70067275955101,glycerol
1689.595998342265,87.00888421709598,glycerol
1730.0846120953297,88.76961006471718,glycerol
1765.4785975349032,81.24995851832006,glycerol
1586.6361386884523,87.97468767737548,glycerol
2422.8712090414388,116.4515012037677,glycerol
1915.562161613757,92.65132401363785,glycerol
1537.8233872599924,84.80225240433994,glycerol
1625.7790103619388,78.15456003303908,glycerol
2060.940613632119,145.19292289511802,glycerol
1612.7372280531806,113.53461558384087,glycerol
1496.5763228700273,110.93262906011248,glycerol
1529.9438280828917,97.04577131867968,glycerol
1661.9465943054784,97.14761090487738,glycerol
1574.4853141549124,95.60897897258393,glycerol
1696.4172764915015,78.24367252172223,glycerol
1724.6929939552065,69.28235535261146,glycerol
2063.8669106581224,100.62274021501877,glycerol
1888.0655379546852,90.78700542672507,glycerol
1625.4014492055906,101.282231224341,glycerol
1647.3221955776357,93.415719325544,glycerol
1806.7159825010124,150.90762723839333,glycerol
1493.6273610726557,112.77513100706938,glycerol
2200.772557282919,76.31844822969849,glycerol
1490.3949652473618,92.7141351688837,glycerol
1510.2327864677923,80.25495740079806,glycerol
1577.9429878917133,66.61392396935226,glycerol
1547.3911805254895,95.51784917950408,glycerol
1419.2191961571816,82.47203012303044,glycerol
1868.8078550349544,137.2780003651512,glycerol
1239.4308560274806,110.42562398819337,glycerol
1435.614857549786,93.47503020535044,glycerol
1456.5050624180205,81.08585170978255,glycerol
1536.4926133920005,76.78172855846104,glycerol
2177.0661717076314,149.44006322662665,glycerol
1506.3428811447861,100.74673230624344,glycerol
1559.0939714946935,79.4052375572521,glycerol
1725.6024106933796,83.72359180545813,glycerol
1516.6305805048223,74.63427249096237,glycerol
1487.1930361367345,64.66559827331886,glycerol
2017.7379033437126,81.0420175881604,glycerol
1850.8665904920829,82.08631352049863,glycerol
2284.4803812973673,103.18548640204494,glycerol
1788.2832162858992,111.88460210406473,glycerol
1940.5196099071416,70.87403732986087,glycerol
2259.8851693946785,100.778168352132,glycerol
1720.8629212853891,98.88251987473905,glycerol
1704.7966829936538,100.78027648838405,glycerol
1564.67970266782,88.23425177762255,glycerol
2567.918691967374,140.36926212262108,glycerol
2016.5342317921504,120.94651676701496,glycerol
1567.711965079784,89.02037693290474,glycerol
1652.324660637275,80.72255289388967,glycerol
1708.5003687074714,90.57259920905392,glycerol
1647.6242089086527,70.78227254760152,glycerol
1975.0667059674552,106.47513782956716,glycerol
1741.5466084027073,78.00954709316946,glycerol
2806.860117911624,185.8563057517407,glycerol
2069.1296757419855,82.12064493078925,glycerol
1778.279765852568,84.0554482298385,glycerol
1827.071940031884,83.49608095081891,glycerol
1830.8019047520056,85.32998557625515,glycerol
2440.2450211852383,111.90711651076812,glycerol
1742.133005351742,103.94568502908412,glycerol
1679.993186810962,91.56523994912315,glycerol
1778.4762274781606,80.59462824295949,glycerol
1559.3383974248488,106.2839866625236,glycerol
2694.180797052688,90.99640370362025,glycerol
1784.233468284519,84.87369432487341,glycerol
3019.1514855065498,139.18422095844272,glycerol
1813.8116015664211,85.97186350596866,glycerol
1839.4821717780117,85.31791058495162,glycerol
1963.962692835151,92.72611671902158,glycerol
1649.6862872779077,108.13859455556324,glycerol
1582.345126617024,78.54369565016438,glycerol
2852.393025517595,110.72602973966724,glycerol
1697.9006403538344,85.28489877142003,glycerol
1859.3486778843724,67.28506398261808,glycerol
1345.5482574103078,90.41660096763322,glycerol
1581.3675302492445,72.61973640414672,glycerol
3007.420275547243,121.66707956970032,glycerol
1882.746110601482,87.28862103540091,glycerol
2922.8727749283485,124.84539070231732,glycerol
1882.5359437938353,94.18420403273228,glycerol
2020.4991609242243,116.13668219183003,glycerol
1665.0260808257035,88.16229211710113,glycerol
1678.8314220740024,77.82061363475698,glycerol
1735.7089784262002,96.59634238255926,glycerol
3088.7158491848,140.6112591643411,glycerol
2140.1955486016195,95.7688918221847,glycerol
1647.8091310371387,76.31934791308291,glycerol
1781.0870348100232,63.650947850262135,glycerol
2839.6185130302592,107.28368097450236,glycerol
1849.7316268645268,95.98565298830306,glycerol
2175.538402273664,80.66156420279626,glycerol
2005.3779045786403,72.20274188850559,glycerol
2052.7399498793734,83.56688848141188,glycerol
1850.8880031772824,59.62128580840765,glycerol
1549.5085484869996,90.56868496418818,glycerol
1937.1876568104585,80.68299434933655,glycerol
1988.9141212812035,75.0748845868045,glycerol
2052.1900531476326,75.5543766252886,glycerol
1886.684495614103,85.77242796772912,glycerol
1760.259252912824,85.30774158833727,glycerol
1615.9945016010674,82.19281409566673,glycerol
1683.1099150931368,83.22484817307665,glycerol
1930.3582690594721,70.34341816588207,glycerol
1503.738907133839,84.02927392162164,glycerol
1937.885749705084,87.7644575745517,glycerol
1748.9340166533757,81.54620732171182,glycerol
1851.0301902365456,78.95498067435662,glycerol
1903.3500975992704,92.00171811924608,glycerol
1854.5224046258459,74.43041563173453,glycerol
1731.2502604494312,105.51653865605348,glycerol
1765.562210211174,98.07395680786632,glycerol
1778.2607771774526,91.15093264898206,glycerol
1819.299440301501,81.11445760555719,glycerol
1696.7172391876084,96.5661560710286,glycerol
1895.8800685880324,104.0882002424842,glycerol
1777.7089740787583,89.02634849375195,glycerol
1990.7116141661309,118.12762414832648,glycerol
1442.2719712952621,84.7320606624201,glycerol
1682.1574879919867,99.55705308014704,glycerol
1756.7340343200344,147.8836972083291,glycerol
1950.8356285791758,105.92883409361238,glycerol
1748.5241797231768,89.3762869159221,glycerol
2130.9206884271184,103.49370774069575,glycerol
1754.7364320163501,96.40258954177008,glycerol
1912.1357302586193,88.62417234297655,glycerol
1880.2327792395279,107.04759637303184,glycerol
2301.499799506203,84.27729708685922,glycerol
1788.0133852253718,99.14076173970771,glycerol
1837.376221440277,98.8145578077398,glycerol
1793.7216359178942,80.89378313073696,glycerol
2380.604673603323,128.6615302878804,glycerol
1760.0042206544852,101.04200800322948,glycerol
1358.193623278704,102.95031423418266,glycerol
1927.201984960473,95.72635182674028,glycerol
2218.0427433893738,94.27385214170388,glycerol
1745.4361342475554,85.21636969591255,glycerol
1674.6315074544682,86.8995277458315,glycerol
1690.4812342898244,81.65169217918928,glycerol
1945.9699187592416,91.4059283204888,glycerol
1718.0288164815918,88.28606257843205,glycerol
1500.2828427369432,86.76249947908244,glycerol
1421.3088797457146,89.86759431191827,glycerol
2189.2658981296377,114.97589154354006,glycerol
1675.0081973555484,100.080255554478,glycerol
1710.096233052387,85.71587733773342,glycerol
1655.2337267716837,88.02180907390405,glycerol
1497.4183081634949,77.11283302040935,glycerol
1496.3763152786678,82.95725288074796,glycerol
1706.7071471537163,83.07943741556919,glycerol
2137.8427666557527,97.05080384967366,glycerol
1854.2083130828153,85.19706102759588,glycerol
1506.4771848242951,75.1398895126891,glycerol
1704.4201201144256,85.61480995233232,glycerol
1777.2018072225467,66.8896272739961,glycerol
2117.139721247522,81.74460467056211,glycerol
1804.223594545038,104.08950153154038,glycerol
1617.2262187696867,91.75961599209224,glycerol
2342.8923823733494,124.4374175635071,glycerol
1774.8888718554529,94.18220313184648,glycerol
1893.7916927916729,94.32769864175222,glycerol
1766.6524743473049,77.6662920673103,glycerol
1681.0726614232908,87.3862891240903,glycerol
1729.8713623899305,73.68438676541123,glycerol
2301.3745981717593,119.4336109193224,glycerol
1684.3036330305738,87.35810048831328,glycerol
1596.3631277771808,81.29595950976731,glycerol
2190.3912998511105,94.90233398856094,glycerol
1666.891365042624,95.77150280267456,glycerol
1752.202691633901,102.40636543330643,glycerol
1733.1219382350423,96.37386796624985,glycerol
1500.8279602661594,96.1088237398537,glycerol
1564.9613822681006,89.09384996692236,glycerol
2337.5570613335376,107.61575244555236,glycerol
1947.6388044632215,89.38388366409751,glycerol
2004.7250962523897,106.97550536947662,glycerol
1669.868837223306,97.29154514280243,glycerol
1540.1349121114665,78.36877904597287,glycerol
1659.8951536513146,81.26119767601156,glycerol
1903.6755654149933,82.96855569591901,glycerol
1688.187762204489,104.3979410546257,glycerol
1827.3890943850984,83.34403903479166,glycerol
2315.2453454074866,107.41511234783516,glycerol
1820.3182394266432,101.04799269372992,glycerol
1812.5232895080296,95.0066252825161,glycerol
1737.7840859822468,82.72596674499187,glycerol
3116.657347760427,101.69576146358388,glycerol
1993.0609826447449,74.1728510328482,glycerol
2800.1461258972445,108.2138677606898,glycerol
1799.8138743972022,83.51573667057802,glycerol
1609.492865399479,89.30505042771247,glycerol
1633.7318527494044,76.91040266360444,glycerol
2554.637507385516,106.22993519757878,glycerol
1722.3971925883232,79.4758407606433,glycerol
1694.8592599792785,89.77548472146165,glycerol
1607.063054840293,81.050164916185,glycerol
1833.194903736422,84.11453474261222,glycerol
1718.3955938069575,73.23137746662856,glycerol
2582.86170059521,137.38243883492183,glycerol
1905.141089669042,95.80154763365672,glycerol
1552.5459232862559,86.38637839005466,glycerol
1711.7275754142777,81.25198668416729,glycerol
1915.670822005875,80.34229068606632,glycerol
2491.5329018791085,130.85607335346467,glycerol
1510.5282325966596,88.2227905505463,glycerol
1557.962847912709,59.3446632256133,glycerol
1357.674846549173,82.71966086163874,glycerol
1456.9575941436399,89.3797082137715,glycerol
1537.5337482634893,90.10528610187428,glycerol
2484.15032114296,129.67870767415417,glycerol
1666.671059346449,111.90074367318516,glycerol
1583.4428457042964,79.62717664562896,glycerol
1808.8168482788728,89.50191486899648,glycerol
1575.1428581900075,81.9059291215187,glycerol
2946.7493893557075,101.17201281501806,glycerol
2131.440106470237,93.99184592740728,glycerol
2569.3419778879097,139.58237084607896,glycerol
1590.8627983706028,102.51714586609484,glycerol
1620.691690391181,118.07411944871151,glycerol
1669.195122303207,87.87271502888686,glycerol
1869.5428467361762,72.76735692929748,glycerol
2530.291155477414,123.90762324567324,glycerol
1680.4350762384609,103.12318602136531,glycerol
1579.785241690133,103.87285357661736,glycerol
1917.1533211056565,90.85733343647796,glycerol
1877.862878542212,70.89492641002124,glycerol
1445.6147763324211,85.55521553483177,glycerol
1558.151039048064,87.12216205709538,glycerol
3021.141604137664,113.65553587853636,glycerol
1731.7516372382236,92.31817659783644,glycerol
1558.8671392544238,98.70575851199196,glycerol
1589.2569264727745,82.95901087440214,glycerol
3164.381125140363,129.04910707529194,glycerol
1777.4577063946574,103.33975289249813,glycerol
1632.008844285837,72.26463231715027,glycerol
3750.5291027841863,327.05635719608875,glycerol
2080.242962032752,98.97878341365605,glycerol
1748.2844397594163,92.18503853451465,glycerol
1654.0480548830737,84.52059298126922,glycerol
1566.7520261645004,62.35887554564252,glycerol
1698.7607350590379,112.72307838085186,glycerol
1578.939575596052,100.5305186454538,glycerol
1730.515393344459,69.06157818431367,glycerol
1549.4508635312816,58.15393714682759,glycerol
1715.005048974919,79.15033943420929,glycerol
3678.644059360651,155.15320675697146,glycerol
2507.4331191740403,125.3703935199152,glycerol
2309.7927978385364,82.89230388279867,glycerol
2296.3914912759433,82.20834687983314,glycerol
1815.4828940917914,90.58291782081436,glycerol
1764.435818501709,85.84825084253079,glycerol
1611.6544683449767,88.99874246685752,glycerol
1787.189340261228,77.144430226787,glycerol
1848.2534383578252,83.12562532159893,glycerol
2053.7794183982123,100.49284730885428,glycerol
1664.740721172025,116.0683250028222,glycerol
1551.3410538323963,79.53468985893038,glycerol
1416.7270783611393,111.24401279992476,glycerol
2062.329814311424,107.41244061288856,glycerol
2233.060300569776,90.17839572154182,glycerol
1881.1246910020373,88.26326907944292,glycerol
1758.6369514117498,91.76407399931227,glycerol
1640.315972298397,94.7199426904453,glycerol
2077.2026799448267,87.20825583095163,glycerol
1912.3661776470376,110.52737620252712,glycerol
1938.432265547429,81.14267400030957,glycerol
1919.0335975189184,78.41647002560646,glycerol
1522.5073869770358,71.18017820898184,glycerol
2131.01223081459,103.50900456256105,glycerol
1629.3472472285937,93.92971305006076,glycerol
1837.3337506025532,96.53922498052124,glycerol
1696.2965527202446,96.79524304975068,glycerol
2235.520061688541,105.3135951484124,glycerol
1678.9652592661712,85.9331897354318,glycerol
1582.2667394718717,79.66197274047633,glycerol
1667.2166227225812,100.02562074247444,glycerol
1654.4525244128201,67.72357469147909,glycerol
1529.8490727437122,96.60040240040183,glycerol
1786.7113941459172,98.8286695787917,glycerol
1897.6576570167147,125.48386437404704,glycerol
1831.820097891008,116.93194035737054,glycerol
1745.3366542069866,64.26916915241469,glycerol
1633.6017920100373,101.9262931907304,glycerol
1853.382005678221,114.3885621415125,glycerol
1733.7537154195518,111.42664200399732,glycerol
1661.6887701662647,77.06163484988413,glycerol
1842.872413247856,108.6067684420075,glycerol
1507.9506758669534,101.66496372485253,glycerol
1482.7740955629308,79.25203338235491,glycerol
1562.038454657418,104.27488204489364,glycerol
1560.0545024902196,87.4199406424705,glycerol
1363.871385502795,91.58726770213492,glycerol
2259.605603307688,150.5580741299169,glycerol
1900.2455082309264,142.13992855281782,glycerol
1683.493650233539,82.62724344118703,glycerol
1571.4847267475739,93.05838293233552,glycerol
2138.425883452021,117.39811394265766,glycerol
1382.712781061859,90.84684297075584,glycerol
1698.5266062439102,97.99731393953223,glycerol
1650.2025248382997,91.2211396626206,glycerol
2261.338533986328,138.22991041178852,glycerol
1836.4310782212672,95.41250398821282,glycerol
1522.7434962575578,88.60956250638425,glycerol
1778.802479097792,85.34178387803078,glycerol
1729.7772154359582,83.48835805814745,glycerol
1701.5561597393146,80.23085895443252,glycerol
2005.7187466285468,104.20740855705854,glycerol
2147.5126860529795,88.68277527482721,glycerol
2075.087956007709,87.84341648909275,glycerol
2216.341991023804,80.53111532062411,glycerol
1889.1034353170896,93.8640741774412,glycerol
2242.959803024005,132.28641918224173,glycerol
1471.1594553265234,99.73864692282844,glycerol
1600.5967716227035,96.1621198487284,glycerol
1503.416518126635,78.18522137061746,glycerol
1782.1549504933334,68.43954905345558,glycerol
1590.388202651553,81.20415593498296,glycerol
1498.6511153056367,90.01293646994296,glycerol
1491.6215795822131,89.94429107587091,glycerol
1719.4891191820675,95.53295699842649,glycerol
1682.4188788924644,82.34785410698073,glycerol
1707.7198606889783,83.01813125357705,glycerol
1809.157115979497,115.63693749260972,glycerol
1651.2438763391513,102.63677845625746,glycerol
1602.2246808281454,76.86732334184204,glycerol
1645.376397196422,83.51127118365208,glycerol
1682.4273169246435,60.573601065270125,glycerol
1493.9556873156303,76.36274839219922,glycerol
1955.2354663934684,112.96990766837746,glycerol
1742.559166791669,95.29852058575987,glycerol
1967.8760477621493,84.94653009698978,glycerol
2143.7003540517617,84.50364968146926,glycerol
1692.1572391056527,81.07389292993633,glycerol
1472.4558306576566,87.1092430858061,glycerol
1783.3049546204684,82.36785964115654,glycerol
2126.9034058491306,127.1648067565184,glycerol
1861.1024098664977,102.8154689595522,glycerol
1712.2645021707417,94.05088291764002,glycerol
2038.9314315988179,112.12456798493572,glycerol
1588.6627589547031,99.56766868390837,glycerol
1788.6481219933894,84.56074593833591,glycerol
1887.1143197134224,91.39771998339496,glycerol
1727.9634447957683,73.79591012142514,glycerol
1787.7917309524419,79.39857718642615,glycerol
1983.269103948678,106.27159778235637,glycerol
1573.916062640501,101.77601408488717,glycerol
1517.1129700475442,81.83203795347299,glycerol
1608.1360629656751,96.31126301041505,glycerol
1994.2740482451504,148.7222800348434,glycerol
1577.9952301481824,91.24755983853908,glycerol
1698.8866693997454,93.50341063716196,glycerol
1713.0236641026395,86.86638177656089,glycerol
1596.040185228233,100.29738865886002,glycerol
1590.1720159544984,96.23956960454716,glycerol
1632.6241439929552,101.54046598689872,glycerol
1417.184671108531,73.3341352103835,glycerol
1739.5124407032204,118.6750488813384,glycerol
1583.4707456009407,99.01185060077012,glycerol
1751.955747896354,105.31590098074284,glycerol
1638.6645003534936,103.16119541145127,glycerol
1611.2855191691913,101.58197272011608,glycerol
1916.472802680817,135.77695167968105,glycerol
1699.8039673865355,170.85453066553646,glycerol
1548.3227781062646,116.21356653551074,glycerol
1366.202018310969,93.87701440492754,glycerol
1697.3208804965618,84.4473353687735,glycerol
1861.7650815114507,134.07201800754473,glycerol
1537.3626934168765,127.40878273985746,glycerol
1989.028406394921,100.38153558783692,glycerol
2116.7739399317206,86.50883558149678,glycerol
1656.0471415020006,84.30159809182024,glycerol
1925.345170920307,92.66528395078866,glycerol
2593.012917006803,97.44719971227286,glycerol
2142.53870205971,102.92718467911408,glycerol
1872.8264942648286,56.93864230230682,glycerol
2298.2758340172622,121.67312114452425,glycerol
1907.132815257644,87.20461722831998,glycerol
1537.646641759013,74.03536675233099,glycerol
1811.2018902496482,97.54860620134752,glycerol
1730.3002458551211,93.74902030938615,glycerol
1557.527011921851,96.47567038038966,glycerol
1637.446243768698,84.37504036427245,glycerol
1620.7854173202497,72.57974739189147,glycerol
2190.368149943313,117.0272902082631,glycerol
1613.1127336492807,135.45638677615074,glycerol
1595.7461329050939,73.29050334136929,glycerol
1632.0558234720597,96.33795690948573,glycerol
1494.501703136503,84.70194399887349,glycerol
2324.51095178252,98.2665982991656,glycerol
1674.6747898613612,90.25343724415924,glycerol
1950.725723330336,75.6618810856341,glycerol
2350.036564268604,113.18791667987512,glycerol
1676.3327911221588,89.34770064984181,glycerol
1606.880994720412,95.47418809330412,glycerol
1461.8678611321775,84.1975859992057,glycerol
1535.4972537500023,75.98294769409256,glycerol
1676.9515034264152,91.5095438364752,glycerol
1771.35121991548,82.08388563614622,glycerol
2468.673057225909,97.17554790020976,glycerol
1771.719754575254,85.95531298028523,glycerol
2628.6862360238774,100.4969647122801,glycerol
1736.327849405334,78.20298084216566,glycerol
1780.9119844095483,95.41820991249487,glycerol
1798.288286002308,73.87678730198532,glycerol
1626.9352855328577,91.88584131211336,glycerol
1467.7346969957553,75.14413886592037,glycerol
2382.2450635229566,132.48519609783392,glycerol
1667.82966035841,92.70038483950545,glycerol
1620.2349125571086,90.08093965177032,glycerol
1582.3686909462622,75.12286679057276,glycerol
1658.401174359958,89.32815490212903,glycerol
2607.809551252175,130.3152980092724,glycerol
1718.043919926823,94.27922021646496,glycerol
2529.5951958850815,189.35499055418884,glycerol
1860.9077964539297,74.46333616345404,glycerol
1607.5792090804887,61.366194335953544,glycerol
1673.6114914420073,131.06066850867117,glycerol
1625.424108349719,108.57638772240756,glycerol
2335.6082657488764,69.82235910274242,glycerol
1657.3656815641518,96.75607271414736,glycerol
1631.6964724370212,72.12357747141594,glycerol
1321.0667842574849,65.33460475277947,glycerol
1477.207776091675,94.04041055935336,glycerol
1477.217286636611,79.42718028757399,glycerol
1508.5978370932805,109.02169023484628,glycerol
1485.4919458284526,106.01140522469775,glycerol
1497.774229096342,99.95410975299916,glycerol
1312.6526557199638,90.84873855198836,glycerol
1661.078067923442,58.645281901910735,glycerol
1477.7670301962316,92.39796044702732,glycerol
1346.4115771037987,96.88622597662253,glycerol
1756.3190916652559,97.21327458312348,glycerol
1395.821178250016,87.0137199178463,glycerol
1672.2112762482027,116.80937849044447,glycerol
1554.6518458881594,111.5497251069026,glycerol
1546.9659311427222,91.84136587384178,glycerol
1482.6332970169044,79.22814805400925,glycerol
1500.8709343957373,78.40772435744802,glycerol
1643.901615967645,89.70481565617311,glycerol
1422.2871708346865,82.63430187603167,glycerol
1411.0243878218214,102.4064855349462,glycerol
1437.4626251937316,87.96126467738944,glycerol
1919.643962345239,117.76494167102584,glycerol
1725.4007690481742,112.48809712047964,glycerol
1771.171254835232,105.47260030862992,glycerol
1464.444113863857,88.39772817849556,glycerol
1596.9132152336942,103.94094910376882,glycerol
1635.5159030670973,85.18266786299469,glycerol
1523.4932658248445,93.7243685585202,glycerol
1689.942841055335,82.5125844925741,glycerol
1971.1579576703723,114.1053254897344,glycerol
1446.1888802544968,100.69115870807724,glycerol
1563.0542848938235,97.50600680331516,glycerol
1615.4910269507136,85.8341726603526,glycerol
1354.3402998909685,65.75109046620867,glycerol
2063.802507688702,98.54485352650777,glycerol
1713.8586463891493,87.73737465116677,glycerol
1545.8367978438773,81.61524574312661,glycerol
1576.3810105307107,85.80344693370745,glycerol
2042.5460192171706,114.07941659628251,glycerol
1581.0739471372651,92.5866064971334,glycerol
1554.0491796015363,93.67242064744494,glycerol
1649.903289989057,94.46285611525906,glycerol
1546.7312612961089,79.81532798119068,glycerol
1436.1934272301867,90.1224035704624,glycerol
1407.3490368700302,84.08117422601086,glycerol
1571.109673683479,84.33610797031253,glycerol
1485.2281237882203,75.92598219733367,glycerol
2031.6868277167441,100.74142489943206,glycerol
1573.7430647952979,100.7684169535915,glycerol
1610.1395645807438,80.34911408141957,glycerol
1437.933116998811,69.1051366271431,glycerol
2142.052989299589,127.38919494786492,glycerol
1728.1127868378203,84.08119102921823,glycerol
1573.312823173456,115.85832801163043,glycerol
1581.2237297090069,103.68179443735404,glycerol
1573.7386192301913,84.3967540193422,glycerol
1831.460475618137,89.08150734334193,glycerol
2343.3875880920336,110.44309169763258,glycerol
1817.6781719078906,107.50861217306266,glycerol
1640.7200717905287,78.84054216564651,glycerol
1606.050360682512,90.77710571111314,glycerol
2325.283044940152,105.32181486348296,glycerol
1629.4927387566372,94.39938571375431,glycerol
1627.612884617173,93.98364451688992,glycerol
1739.3964374345098,85.36638917121834,glycerol
2285.28838962271,105.34020713275368,glycerol
1662.5331879534817,91.85865703460227,glycerol
1660.4396935860136,82.02460090217328,glycerol
1636.146182284383,85.7208761612043,glycerol
1569.1979146674596,101.02722320821933,glycerol
1488.6494447916666,71.96251503267915,glycerol
2327.4484713273077,128.20655607147123,glycerol
1616.9667647055976,100.50312063060308,glycerol
1620.9180427744698,77.26490951984283,glycerol
2159.3156223136634,118.50508461526958,glycerol
1643.6405354240665,117.12137482954635,glycerol
1550.8477886333928,93.85448394871906,glycerol
1537.8635877871852,87.4254815750966,glycerol
1691.208356789541,81.97776557060365,glycerol
1408.5911111090445,101.45836652036412,glycerol
1456.875079960303,83.97395029753244,glycerol
1675.5525860115574,82.38630298533327,glycerol
1438.4313664341807,74.77229991039255,glycerol
2540.549020204165,226.65358491794728,glycerol
2055.9492334122224,174.90274433861563,glycerol
1869.624564354316,78.30539708486947,glycerol
1513.8969301206077,72.13468279008246,glycerol
1501.5613695943287,77.75858584255664,glycerol
1545.0519583708065,126.56106280463662,glycerol
1496.9244689558204,114.75182235249738,glycerol
2211.008639881982,99.28221391503918,glycerol
1503.919896436296,97.57445759770512,glycerol
2068.1873706543115,127.26563450535708,glycerol
1684.5466855240682,99.84821846850112,glycerol
1466.2061449225178,91.68590153596404,glycerol
1363.3403192048554,101.79041410586754,glycerol
1591.4335961059255,99.92434219228711,glycerol
1771.7142415301068,127.1428078595645,glycerol
1586.247978521575,143.76197425701483,glycerol
1708.9815036416496,104.3631193198554,glycerol
1337.650910928546,91.60989876193938,glycerol
1676.2944096685064,71.59396988449025,glycerol
1815.035739655919,86.34890059351635,glycerol
1851.0124808248265,85.53277020751912,glycerol
2026.467676746059,282.3941630378906,glycerol
1303.9798462838037,198.22767584001136,glycerol
1697.5516802134891,82.25262844322783,glycerol
1863.6246728527676,79.85897755131718,glycerol
1759.94026264606,58.642192938783886,glycerol
1582.5597420507856,80.17053293659608,glycerol
1392.1503890537217,73.8107476146338,glycerol
1708.8361701976046,71.31620494119238,glycerol
1870.0643346013844,65.92943634992811,glycerol
1587.2422037314918,80.54776725735485,glycerol
1526.8067770127982,77.50265592015562,glycerol
2143.044191274679,154.0992254931569,glycerol
1412.7284703110356,111.6047868173698,glycerol
1476.7322960633076,89.3262794342007,glycerol
1706.8124586456092,92.75281077724304,glycerol
1567.2761249385574,81.55634150659226,glycerol
1381.8168020400974,70.99349745704997,glycerol
1445.6034711103664,91.45064752968918,glycerol
1569.2938965165606,70.5874813184365,glycerol
2341.2766272733556,108.19712697869176,glycerol
1725.4198740222917,95.17614792865652,glycerol
1429.4493071937268,69.2086873318136,glycerol
2035.1160790387999,161.31229733306478,glycerol
1676.483229435398,126.8503658282448,glycerol
1390.7253302425258,94.49152017899225,glycerol
1436.0428884908426,101.46183759551056,glycerol
1444.9003698216034,83.28367677263428,glycerol
1226.4054702637418,65.09413188530542,glycerol
1468.0784625625356,82.90960600933296,glycerol
1467.6306521587146,76.06828401906607,glycerol
1580.8535810534997,90.9175569649731,glycerol
1576.8629699053297,102.9608198683524,glycerol
2205.3788967700407,141.3693512680341,glycerol
1511.397820889919,115.25925835144412,glycerol
1560.7102363733416,85.58742190850947,glycerol
1683.6474438260577,77.54669960428542,glycerol
1322.009700213551,91.5781333416288,glycerol
1431.1056047008155,113.28012026328692,glycerol
2036.4658260216584,128.8911399652947,glycerol
1626.0301573758213,126.44407523343608,glycerol
1429.6434775544608,70.25648629800253,glycerol
1473.9941044904258,89.69934706069627,glycerol
1390.6416947176722,85.82533302313088,glycerol
1423.1200199030209,82.22694881075392,glycerol
1570.7900956448261,77.3513928287356,glycerol
1941.6244455528904,126.9191232646098,glycerol
2205.8550176503913,100.13056109279128,glycerol
1938.8040196773657,107.50619127542612,glycerol
1756.4342294082057,97.18222967926988,glycerol
1532.532961345094,81.57581973485102,glycerol
1365.11949316639,74.58843298912937,glycerol
1611.1986699484648,56.42321122848469,glycerol
2238.8143501598374,129.4172385428078,glycerol
1392.7965188400199,136.0575876568998,glycerol
1350.5640400049128,114.7022499933735,glycerol
1389.6779483531295,103.09016595151738,glycerol
1491.1797779386695,78.91278816178198,glycerol
1449.2418860380142,65.12706508889326,glycerol
2557.961519249594,129.66485516126414,glycerol
1513.7220974445522,99.17975239564304,glycerol
1457.4421283721326,100.36424396686208,glycerol
1257.6735785115898,82.83392958374489,glycerol
2878.8477615707634,100.9872701320901,glycerol
1826.1588533230188,74.52602563965021,glycerol
1580.4503762731968,89.05047441621079,glycerol
1613.5437133223,77.49656261109676,glycerol
1512.5688415288957,83.24394799304069,glycerol
1490.311564644358,78.91387686502273,glycerol
3021.5428902983786,123.01495818014952,glycerol
2133.9736880021874,91.64620856606858,glycerol
3187.067876193903,165.7761671003649,glycerol
1867.0408040430104,87.29814240338702,glycerol
1859.2411877687284,72.67620755610082,glycerol
1464.1580815277289,72.14270019239294,glycerol
1587.0605010581976,72.35855666200182,glycerol
1650.2065355415114,68.3839466686847,glycerol
1515.8273968925141,102.7624431278295,glycerol
1565.5223367020537,89.84239826572743,glycerol
1431.7952238312828,76.95767555548998,glycerol
1716.4020296482745,71.40895634739636,glycerol
1800.3918021795437,69.63291385863432,glycerol
1406.4037588509623,78.17043775789988,glycerol
1457.6907811951858,90.96402163395032,glycerol
1787.4592160453362,132.2639567316901,glycerol
1639.204172151754,138.02784040856122,glycerol
1534.8033503031202,84.63533345570964,glycerol
1809.3542544534348,85.37197395234864,glycerol
1908.2739938082632,117.30827875781952,glycerol
1574.4652125122288,91.27415083600474,glycerol
1888.118238098123,88.15624941803536,glycerol
2022.2942511995896,89.19460405906456,glycerol
1690.3884838596214,91.81353609400875,glycerol
1428.8711971918171,85.25779057053623,glycerol
1802.2720425959255,83.60321279337188,glycerol
1495.9772235203975,106.69476543983107,glycerol
1952.3281227839968,97.45244957097414,glycerol
1693.2108110761617,89.91444058085428,glycerol
1608.5525252928503,90.86037820511808,glycerol
1493.4081260221096,64.01483048074942,glycerol
1356.8791261771555,94.14279675127774,glycerol
1502.442513091701,91.344024612127,glycerol
1625.675381526574,123.63972817688044,glycerol
1579.4842467921785,102.85024125136869,glycerol
1567.5318424316038,94.95237337326944,glycerol
1677.2968066112867,82.75409938356214,glycerol
1593.6565329111213,86.98874840111228,glycerol
1513.8262992935913,73.54362904532744,glycerol
1828.405226862847,112.16057392393704,glycerol
1696.1175562925027,96.27477445463909,glycerol
1900.2747029792336,174.78014568207394,glycerol
1611.7665673705296,116.0474565849654,glycerol
1661.257132987008,70.25276381597898,glycerol
2096.6962284870724,85.99774540309735,glycerol
2179.097876273254,87.18785892875681,glycerol
1812.0431593819578,82.5235400801293,glycerol
1637.8784532912791,79.06377523796002,glycerol
1682.5293469979501,133.14110066985407,glycerol
1476.330446734587,124.038585678446,glycerol
1597.8400559939396,74.72211256477058,glycerol
1825.1179580269277,94.03855429746277,glycerol
1777.0156193612277,86.68743383782494,glycerol
1611.708035103574,123.53588740924474,glycerol
1602.524661567993,104.44717107461732,glycerol
1952.7361129536,84.2658005580891,glycerol
2047.4561926100644,152.39853464140108,glycerol
1701.6431250141316,83.54279255781476,glycerol
1717.960037081349,87.6557540182272,glycerol
1507.116007619505,108.17013420898624,glycerol
1721.3341253959727,92.49552483893504,glycerol
1642.620599762203,78.4406238850034,glycerol
1794.100619379537,124.631417451424,glycerol
1646.6230698637596,105.6703487714012,glycerol
1414.9474535814934,97.08815705676813,glycerol
1316.456045711756,87.9346123132061,glycerol
2133.06924266967,140.6724006323026,glycerol
1708.1952740387676,100.9792219695369,glycerol
1702.8168423736283,72.4370531984226,glycerol
1874.3379921557516,72.43929414923203,glycerol
1842.651737154669,62.39297299665171,glycerol
1789.1705665917657,91.82675291693576,glycerol
1830.9681724244915,73.36642020169091,glycerol
2020.8854213942154,229.00359650929607,glycerol
1581.0269665525432,123.227850578347,glycerol
1689.62013763786,78.11516104456658,glycerol
1510.0517870510034,78.60151835395246,glycerol
1446.1113551336325,72.93465577072557,glycerol
1400.5381392341549,93.51327163290637,glycerol
1432.4891096880126,98.48889886491796,glycerol
1486.3983504109024,83.2909208518727,glycerol
1491.5813322114705,80.95522063960993,glycerol
1746.0853043209372,91.52732086813684,glycerol
1648.23320394362,71.04611535899302,glycerol
1703.3020066742731,79.13738611376593,glycerol
1680.594677577128,56.29069812199655,glycerol
2822.766264827847,124.33924065251516,glycerol
2358.4687226591163,104.86190653833488,glycerol
1750.231220319491,80.99776814406451,glycerol
1568.3397964787355,75.22506187060813,glycerol
1678.878959739958,81.77014038241862,glycerol
1691.3788522190175,93.76636394273451,glycerol
2472.5885419421707,100.096100166439,glycerol
1739.9175306211741,88.47152280938683,glycerol
1496.0344988078136,91.24612665128652,glycerol
2369.4644815254114,108.83119116152965,glycerol
1828.205410891161,99.70563892729578,glycerol
1435.7830959800838,89.12167055806628,glycerol
1538.0115932574408,85.05440248340231,glycerol
2067.5637184775615,115.09170203041212,glycerol
1561.9792835805597,131.89866875968417,glycerol
1583.4343989436366,91.43801236026177,glycerol
1658.4917123483829,94.20285954534232,glycerol
1553.3081441558559,73.74575386986697,glycerol
2054.158578982755,134.13073058251635,glycerol
1826.8760770074216,97.55498833523012,glycerol
1510.903404466466,85.05859755886755,glycerol
1470.773304736826,70.61814290423612,glycerol
1588.037373914149,108.37608676312948,glycerol
1465.5999440546316,110.1271551281482,glycerol
1620.4216849279128,95.3922354347917,glycerol
1501.4898540854415,89.50239696532843,glycerol
1999.873528387646,155.9699188487068,glycerol
1411.7109474168763,99.92580468015164,glycerol
1574.4225152644399,68.4726806118293,glycerol
1649.135812111031,76.25115463023343,glycerol
1744.661689088032,73.65741543995206,glycerol
1521.671036350445,154.9849558654289,glycerol
1562.4010543126958,140.18358682813238,glycerol
1921.5822996399656,134.7002099806051,glycerol
1532.6482683973877,109.9487543154847,glycerol
1821.5925235256007,85.62954679492556,glycerol
1545.7944447062553,57.25264842158394,glycerol
1586.116719901475,83.2427013334248,glycerol
1521.2888170457777,79.45194467999437,glycerol
2386.8116198821076,124.43428172629513,glycerol
1737.3369339918333,95.14471159742986,glycerol
1608.4208186112874,77.43303186330218,glycerol
1469.6283422789118,80.15821033012188,glycerol
2022.7914148469313,132.12822777384142,glycerol
1559.1314233224857,95.0824115576744,glycerol
1527.1758803562464,105.08455803978516,glycerol
1455.0105990723805,88.48575513703665,glycerol
1846.1733076527391,92.76366661241732,glycerol
1654.476688427814,91.65628557295892,glycerol
1891.7639331265912,75.11835070753585,glycerol
2729.8559498605227,343.56305887489214,glycerol
1898.8663423404168,153.3754816729401,glycerol
1599.1166407244025,85.83337352900863,glycerol
1758.117404221054,100.7678823433794,glycerol
1753.5032693997136,72.87195913405235,glycerol
1588.7880732746169,84.59865847577336,glycerol
1481.1228372807097,87.42207390066875,glycerol
1754.047366646186,77.52793859677709,glycerol
1800.8750904361646,100.51867472477292,glycerol
1647.6429343935736,87.56546771540042,glycerol
2418.5614818960066,134.85883507481088,glycerol
1833.9529521122236,186.8467247290863,glycerol
1557.4026172614936,78.05249269985731,glycerol
1509.22278531965,82.87190151613444,glycerol
1554.2303271541666,81.17055625487959,glycerol
2718.7476655457926,147.5351835439821,glycerol
1731.5784891131452,99.96105406881468,glycerol
1628.6333194279232,136.7232079112149,glycerol
1525.9653442772599,90.47098849627598,glycerol
1361.9221121767494,95.3022354960154,glycerol
1436.4330083775142,78.34647360689051,glycerol
2411.3245773258195,132.0672302375927,glycerol
1874.123864306046,96.43694346270314,glycerol
1354.4238701291729,68.6412799101168,glycerol
1373.2586572388557,75.98079130731752,glycerol
1272.4522968466397,86.09233882852195,glycerol
1647.0245257632998,137.7869376222572,glycerol
1720.0061513008754,128.0436349703527,glycerol
2349.809710815848,209.66280616095423,glycerol
1419.4091832175686,174.64512845655355,glycerol
1891.7351519153765,73.53654154300283,glycerol
1580.0739499495123,88.06215377274759,glycerol
1699.0515582173189,86.28350541120432,glycerol
1512.4116792358886,70.95189832786792,glycerol
1560.3297912571427,87.02410867490742,glycerol
1725.2302280830309,96.6640347149488,glycerol
2797.868656831122,148.27990841924492,glycerol
1898.1290547679648,110.5905921780945,glycerol
1964.3870997043061,47.12794649830026,glucose8a
2052.9875933960293,39.81105904974415,glucose8a
1972.7673636419604,34.796403982857655,glucose8a
1839.5771375387515,43.73088194881529,glucose8a
1472.0959399041792,45.2196399085289,glucose8a
2320.6293138625733,40.54700082781377,glucose8a
1758.0027940882792,33.850336960860716,glucose8a
1822.57044228162,33.31473948423927,glucose8a
2139.813367674166,48.840398276845555,glucose8a
2132.065446093187,43.9675105429734,glucose8a
2096.773457463429,46.2469845446526,glucose8a
1977.1885535601796,52.41071236382291,glucose8a
2262.601640153723,35.341244139379604,glucose8a
1754.472220402109,31.26624490170813,glucose8a
2136.717475951535,49.261099806188994,glucose8a
1803.6078672919336,51.22435182814608,glucose8a
2441.9159042451824,34.65513317927204,glucose8a
2148.491053437026,39.32249263673518,glucose8a
1823.2344344880046,36.550266868994456,glucose8a
2121.5079973303627,37.02053993556566,glucose8a
2159.773847490683,39.85577722499771,glucose8a
1869.0045676599495,33.24243057934918,glucose8a
2338.2898012092,36.35793973024988,glucose8a
2454.8372922598696,36.169006132427846,glucose8a
1832.838505664127,38.5513346778137,glucose8a
1627.4702623936387,39.28260374078326,glucose8a
2237.9639992861657,48.28821853567947,glucose8a
1794.5293838970422,43.36303886858643,glucose8a
2051.156765592059,34.806307122367286,glucose8a
1983.8992305379095,41.12892196365099,glucose8a
1982.6132880366647,39.13611930085371,glucose8a
2569.658619146696,45.07145021783038,glucose8a
2401.568655484993,37.394251387279155,glucose8a
2263.079726053065,47.89175265504782,glucose8a
2024.196137687086,43.17247872570711,glucose8a
2665.489506977934,42.705951263494086,glucose8a
2107.00626595481,39.66361712746438,glucose8a
1558.4434423556947,48.327628599436125,glucose8a
1517.3305546163958,49.37603727676064,glucose8a
2528.5965060330996,56.705716367423946,glucose8a
2262.3517934434326,45.10012961501788,glucose8a
2135.27383287438,38.373560206347086,glucose8a
1848.1182898058812,32.07235706412642,glucose8a
2294.8939458578307,68.09891329054736,glucose8a
1949.5843099697904,55.59922610348099,glucose8a
2474.121478504902,36.12639359663841,glucose8a
2118.7399120839873,45.40267987333737,glucose8a
1945.2241167048448,42.31770095371997,glucose8a
2021.8554305778764,42.72431463809596,glucose8a
1874.602217750507,36.51625469069964,glucose8a
1917.7603836089122,46.44741904504882,glucose8a
1911.8870500127064,41.63852548964978,glucose8a
2184.016624666192,38.51913849401872,glucose8a
1923.7666735573148,37.7682632844268,glucose8a
2137.449562469792,47.08874360603959,glucose8a
2015.4530562905043,37.669208377489646,glucose8a
2106.2280042552525,42.17299308544812,glucose8a
2586.696409981128,44.74223148349371,glucose8a
2238.687861743757,35.69863528263914,glucose8a
2084.5224820302933,40.673317974146165,glucose8a
2322.472287177175,40.151911643059826,glucose8a
2851.3032750980324,50.95405105419037,glucose8a
2408.207163093588,44.95427836981926,glucose8a
1870.996174284724,37.73720762746711,glucose8a
2641.5076117658214,43.0096179750705,glucose8a
2065.024689686074,47.92815804243432,glucose8a
2254.8871381257186,35.039042146905906,glucose8a
2186.309023376261,36.27482136846465,glucose8a
2695.2533939402238,58.25340409505434,glucose8a
2485.603542311745,52.09370485423335,glucose8a
2140.2733574061303,36.10891945504707,glucose8a
1969.942848913873,61.580529180741905,glucose8a
1923.7201620896644,59.63704889278327,glucose8a
1923.234507684556,61.51363832393829,glucose8a
1794.457697478286,42.33995421750709,glucose8a
2350.0583064086086,58.47687417220236,glucose8a
1775.9892255846669,40.7846893374288,glucose8a
2197.7849209747847,47.84091788309886,glucose8a
1785.5428387373543,39.681364693715,glucose8a
2178.5607971710224,39.4664871682896,glucose8a
2220.0024573507935,40.22703164808697,glucose8a
2204.4931276438524,43.44533873291946,glucose8a
2130.9432038954774,35.431757419320846,glucose8a
2250.9554730996488,39.134363745885445,glucose8a
2425.845471858014,42.64306003652045,glucose8a
1991.8405023721468,40.766504020837225,glucose8a
2345.8221051415885,55.03926321673886,glucose8a
1989.7811427050876,50.79266220341776,glucose8a
1732.2171871623716,38.87651803188426,glucose8a
1718.5465633875472,40.86865454868225,glucose8a
1797.333171534168,39.69159752871394,glucose8a
2010.586148832345,39.97243225936202,glucose8a
2320.2129740894734,33.12434451907605,glucose8a
2456.9348056134604,100.02665055117926,glucose8a
2173.019017811394,64.96088832154203,glucose8a
1868.2770029625574,34.170119051513474,glucose8a
1706.7062616717328,29.95659396009887,glucose8a
1908.706900388867,43.13347058449697,glucose8a
1931.8477209734658,46.30768147367767,glucose8a
1973.096511818532,48.80744546291655,glucose8a
1729.979934888377,48.39250095971053,glucose8a
2414.852100164737,52.92818518450244,glucose8a
1950.2092591486555,49.29538408705869,glucose8a
2248.711463142012,40.29917242730264,glucose8a
1873.6517786551008,40.141204342147105,glucose8a
2084.5954827843193,35.06511186835182,glucose8a
2323.6792635125257,39.74920800243475,glucose8a
2194.1490247093193,37.45717345405538,glucose8a
1823.2613930475422,42.01549598698012,glucose8a
2010.950020226979,49.07084935916696,glucose8a
2143.484218954689,35.92868405268797,glucose8a
2366.430349727013,38.54565623286988,glucose8a
3087.441601579604,48.39941406497276,glucose8a
2655.4034523012115,40.78296547386786,glucose8a
2820.4958244430013,56.8800922828583,glucose8a
2453.0695831526145,40.95422787048422,glucose8a
2230.6265022176585,37.31708971623622,glucose8a
2422.6531020871203,36.29617297271233,glucose8a
2249.2073096118947,37.14707172688596,glucose8a
2020.2055159652978,35.51159758556945,glucose8a
2196.4065286555247,49.693399273951385,glucose8a
2107.3673520613456,64.86388602728591,glucose8a
2372.09940934603,41.84025966737141,glucose8a
2702.5960742989514,43.230816152280894,glucose8a
2503.260469268027,42.63488504911925,glucose8a
2375.896741390418,44.880075542087454,glucose8a
2078.34477595979,41.82638004796655,glucose8a
2281.6119214356336,50.88226131512215,glucose8a
2020.3029326324188,46.857724801781195,glucose8a
2305.9016253135155,45.17394686742471,glucose8a
2007.3960373965845,44.37307363281164,glucose8a
1866.069464563687,38.07022108085271,glucose8a
2036.2664774776138,43.6082096264101,glucose8a
1757.3431693694338,35.731979718911525,glucose8a
1939.2550776508183,43.015640652490895,glucose8a
1785.4224159075377,42.77395434903165,glucose8a
2383.0804203347725,42.71668415909362,glucose8a
1982.152344516146,39.72527312162033,glucose8a
2479.4687882612084,55.23121829356279,glucose8a
2033.929538516376,44.25741601700193,glucose8a
2198.0441881547736,42.94257967079119,glucose8a
2047.4601262342862,39.50741530907643,glucose8a
2208.854457364073,49.61755846207715,glucose8a
1862.5480061362132,43.38899924798743,glucose8a
2290.5322269194285,49.63125905819926,glucose8a
2168.1950999371684,39.662409498845335,glucose8a
1913.7874278999361,40.021485165122165,glucose8a
1816.806371496,36.05819173539759,glucose8a
2463.167536484788,63.38281753201487,glucose8a
1983.2750468979991,45.47993870955743,glucose8a
2153.2691142264057,37.36587325085656,glucose8a
2076.243839037494,45.11565186276201,glucose8a
2074.4507189412448,40.042531769001826,glucose8a
2418.8873424683843,75.92193414823653,glucose8a
2236.7381891557334,81.39296135940579,glucose8a
1936.0540801891923,37.98108184571074,glucose8a
1954.0439170179868,33.453109982798836,glucose8a
2120.7832964702206,122.53540990421168,glucose8a
1926.684833841969,111.00535815126976,glucose8a
1612.234838915313,40.62110376802647,glucose8a
2200.813385515552,33.404873009533965,glucose8a
2180.5196955166493,39.16062606528272,glucose8a
2228.2339522126053,41.64653019369917,glucose8a
1615.7091194052018,42.06783055280971,glucose8a
1630.7358310711918,40.634181863900366,glucose8a
2035.8572025915723,52.40034585964719,glucose8a
1537.3033971985687,55.882824408611384,glucose8a
1735.1237575483167,31.85189152642716,glucose8a
2144.36718153438,45.37440175440655,glucose8a
2864.235863173629,45.64710957089771,glucose8a
2236.307118451475,40.90058021911219,glucose8a
2025.2509900031175,37.20664732024613,glucose8a
2287.855037961204,44.326478344356104,glucose8a
3009.3494780735464,50.052071782885406,glucose8a
2716.9547337054355,51.98609192866574,glucose8a
1852.7986402589124,36.28991089825428,glucose8a
2252.639503784615,57.0912802577363,glucose8a
2248.49321104503,47.01169047643911,glucose8a
2871.862963150327,53.18208668237991,glucose8a
2353.5798148791955,51.69649267502916,glucose8a
2628.8446619692677,82.75363682948733,glucose8a
1887.2672443580705,78.86653744606603,glucose8a
2315.3074575354103,83.62701971842938,glucose8a
1881.5843041186172,50.92245082713099,glucose8a
2110.3469411825004,41.49749446070054,glucose8a
2550.1371555384703,76.34897335389927,glucose8a
1976.6394978632748,49.856011701227274,glucose8a
1814.224305893548,41.08726536807637,glucose8a
2134.8191268786463,36.780049966110205,glucose8a
2012.992328261441,35.051955886991486,glucose8a
2238.9579113818872,56.236427331048226,glucose8a
1763.7092424139382,41.954111769780866,glucose8a
2236.9209074568776,43.4349024995489,glucose8a
1817.3979968256049,29.598040783674985,glucose8a
2233.7881198313107,43.16506590390124,glucose8a
1997.1355994754472,37.14853989049281,glucose8a
2756.96201297887,54.26723298662115,glucose8a
2221.514750908407,46.90237403565762,glucose8a
2109.562742302164,32.63276515993205,glucose8a
1802.5999303815038,42.66002644648658,glucose8a
2136.688620549819,49.17534363500083,glucose8a
3000.9205539674704,79.32004526324886,glucose8a
4253.988718008581,43.766743049924685,glucose8a
2607.6359872383814,42.147712366930136,glucose8a
3985.838765768474,36.843079831775974,glucose8a
2762.8331356640797,129.48772899061865,glucose8a
1991.104341456667,64.78813118363477,glucose8a
3207.0114405767094,35.929656424088506,glucose8a
1933.2701135585796,46.903208471512016,glucose8a
2013.448686334902,47.016104302917526,glucose8a
1615.4687772257541,40.729714239174584,glucose8a
1487.434765203123,36.218956153368055,glucose8a
1833.7705060801209,32.410126748413056,glucose8a
2419.244865258636,47.11013152694733,glucose8a
2103.0743056825504,44.43489707397988,glucose8a
2041.4021325590772,30.998628722964128,glucose8a
2052.3720854816206,41.15159717785491,glucose8a
2057.8211423107496,44.52207926799775,glucose8a
1895.2016246328903,29.89816448778827,glucose8a
2039.9885159330297,36.44924330483555,glucose8a
1945.4528155587984,40.26802594924618,glucose8a
1753.762664634062,40.203141595474754,glucose8a
2034.7222384371669,42.6630358111165,glucose8a
2116.897258194253,36.44572770165119,glucose8a
1979.6775947260917,36.51268769694709,glucose8a
2061.003598420099,42.65040431626023,glucose8a
1762.0913311027468,33.38329854877112,glucose8a
2320.0686072962544,43.96917975591127,glucose8a
1987.421464936701,36.06291900630664,glucose8a
2053.86889222838,40.933371055498554,glucose8a
1852.7160447594488,33.02284293367066,glucose8a
2325.883057326984,42.89070905436167,glucose8a
1951.5040721959201,36.413028417620374,glucose8a
2206.9699174112798,35.318140844096504,glucose8a
1836.1434281360896,60.907442396151794,glucose8a
1845.7737330413129,39.96036273170944,glucose8a
3414.564505095893,45.70693526689212,glucose8a
1716.6863572751388,36.735936223883634,glucose8a
1736.8301635042517,36.352999974127265,glucose8a
3131.4588886505144,48.339505566153775,glucose8a
3144.4257853418576,38.80010741997498,glucose8a
2273.425895702222,37.309053811010415,glucose8a
1845.95592211035,34.618428003211314,glucose8a
3609.5837132866354,47.25268383559428,glucose8a
2589.5585314447835,35.71535203584305,glucose8a
1775.5348095228385,44.540196211723035,glucose8a
2141.7935957793325,52.97440148303508,glucose8a
2333.6927100687008,39.28727742056911,glucose8a
2385.517461411331,42.09743365353794,glucose8a
1843.2953047271324,40.80202949468094,glucose8a
1539.227713872501,38.34376452473967,glucose8a
2260.8390816547935,33.35423567471425,glucose8a
2102.447280044877,42.27181720748284,glucose8a
2385.2029091007103,48.7795818887038,glucose8a
2344.9016541519068,36.35689111814527,glucose8a
2037.5569821157997,36.99353664911995,glucose8a
2103.364029210377,36.618459797415326,glucose8a
2895.6981403404393,61.61138061236334,glucose8a
2678.669994911507,52.33670947473698,glucose8a
2241.020339015033,36.48691521052237,glucose8a
1882.3500107807615,44.55430710528331,glucose8a
1867.3975002148454,47.87303108432066,glucose8a
1734.7005647422218,54.857830496521416,glucose8a
2439.0137778410253,60.31224098470159,glucose8a
2015.7172721802458,38.82608473603394,glucose8a
1890.6387684913964,42.044173999924965,glucose8a
1787.2788709509668,33.568835334753885,glucose8a
2081.0820285254144,42.39504779164197,glucose8a
2511.274743738914,53.83252357480329,glucose8a
1898.9004357385897,46.90001667420329,glucose8a
1860.128975411188,43.89013622845976,glucose8a
2227.8906000565657,45.450971059304486,glucose8a
1933.1301065759428,37.29332730070484,glucose8a
2357.7367987623174,60.19191937761404,glucose8a
1943.4014484552729,38.988378093572145,glucose8a
2067.8826981129055,40.74866843844375,glucose8a
1937.9306991436945,44.537901628721286,glucose8a
1814.69562737824,38.9135162446584,glucose8a
1713.0788299342044,38.65114307072555,glucose8a
2188.546880756729,48.562936350905126,glucose8a
2729.021881508465,44.41616800654978,glucose8a
2618.8344126186344,62.74729600697083,glucose8a
1753.044400820346,41.031450727273835,glucose8a
1890.5321626256664,71.6069011952117,glucose8a
1809.052920103064,37.2328451562279,glucose8a
1796.477381926197,41.41088848739379,glucose8a
2097.3997138860886,36.65620402757817,glucose8a
3283.5736883771315,45.07046189119913,glucose8a
3225.0894300687355,43.10146065631759,glucose8a
1896.5282762690724,40.84735898147873,glucose8a
2301.4484891209004,46.73652736499846,glucose8a
1963.560100997152,39.50066266457621,glucose8a
3322.0304184098336,50.797983934552306,glucose8a
1891.3002572147343,40.01230296314205,glucose8a
1735.9206887427115,38.827264365023666,glucose8a
3274.887201741727,49.528813753124965,glucose8a
1921.9006448048249,40.08206915418936,glucose8a
1961.8488589552533,38.30343652595299,glucose8a
1621.8162993071492,39.69895531048948,glucose8a
1943.8243343371364,48.45501298250526,glucose8a
2312.6733736580113,50.251438073601136,glucose8a
1693.5588424504158,35.14173364770211,glucose8a
1899.516564995372,37.17654645674473,glucose8a
1940.8672386319663,34.65029320347013,glucose8a
1562.7971610273567,52.071000338036434,glucose8a
2070.070668472657,42.21275002394532,glucose8a
2118.631621811959,39.76781754624352,glucose8a
2104.7619552847186,29.5785733299596,glucose8a
1310.6086125281258,52.14908070554412,glucose8a
1577.1061143179536,81.54722180016175,glucose8a
1863.1703119722335,40.38611173261929,glucose8a
1704.295526324087,37.91474539680769,glucose8a
2221.3128821331047,34.57800912477464,glucose8a
3213.0933990928283,48.51968052177427,glucose8a
2713.0742672432066,46.18317918911145,glucose8a
2294.0385621611135,40.51249148405338,glucose8a
2187.829250975479,36.23666703305127,glucose8a
1961.1852622289987,65.54432126776372,glucose8a
1695.016887229636,46.74389156634045,glucose8a
2128.273376775225,46.46527635248353,glucose8a
2080.8426485253526,47.960453971930455,glucose8a
2423.4313986878287,39.15177829318954,glucose8a
2737.4441639800484,43.26062864017411,glucose8a
1969.8548993588768,42.83509589372559,glucose8a
2173.1529210077983,45.01138475882918,glucose8a
3045.3368977535783,61.59953769641088,glucose8a
2435.6725458517662,41.85561742312782,glucose8a
1923.598080085479,39.828780534810974,glucose8a
2062.6419643340128,76.00385023527417,glucose8a
2097.272828930487,65.46718814228022,glucose8a
3413.332844610974,45.80719120083009,glucose8a
2668.4369696612994,60.70884423845262,glucose8a
1818.378035610372,43.257566473534574,glucose8a
2241.1448641450143,50.58017425571758,glucose8a
2223.5394743417837,54.92431231677777,glucose8a
1858.072714007783,35.20274171789171,glucose8a
1719.718475641722,39.05299483784584,glucose8a
2321.531886072252,102.2819197377785,glucose8a
1441.4596090600385,46.08296508242387,glucose8a
2269.3139142489667,42.01915495806587,glucose8a
2017.276359795884,37.00309909399634,glucose8a
1509.1712343396957,51.0319640068753,glucose8a
1506.044533463647,53.19845960265792,glucose8a
1843.3220421185438,36.46032851228242,glucose8a
1885.5666515211828,29.456692438699942,glucose8a
2159.9562394863906,46.585605373689035,glucose8a
1821.5185521218496,41.539729593483095,glucose8a
1929.7630106815616,33.32985621549623,glucose8a
1985.423230000164,43.39776907460646,glucose8a
1939.8405711638109,36.97271380736168,glucose8a
2774.497117383382,51.573473983707274,glucose8a
2557.8338648070862,50.24740351733539,glucose8a
2010.5141279662178,34.729663386578686,glucose8a
2131.1931950900507,49.74286746871834,glucose8a
3019.7706934351186,41.21520123528727,glucose8a
3311.8996893491035,56.97607939830216,glucose8a
1972.2760700126153,39.54063019106594,glucose8a
2150.0737573155848,39.13817207628274,glucose8a
3066.767295880582,46.057591482461184,glucose8a
2404.9811829751975,30.094176118156472,glucose8a
2044.4886766897948,34.801233470608445,glucose8a
1993.12814393748,38.24328565355235,glucose8a
3532.362792406252,62.58348829270316,glucose8a
1828.857019758363,37.949682393185086,glucose8a
2070.093611183721,49.68378094367411,glucose8a
2258.7160797572456,42.869026762513776,glucose8a
2913.8613803607873,75.10253796032661,glucose8a
2115.6658276580574,64.85379563867679,glucose8a
1730.3583774571725,37.5551209831466,glucose8a
1834.371797508903,34.78685387618526,glucose8a
1793.486719885121,35.055860969545215,glucose8a
2136.831740299494,41.11430507734866,glucose8a
3051.710964365564,46.878097863073755,glucose8a
2496.551403277919,41.92706087752207,glucose8a
2314.468280709423,36.64998380572804,glucose8a
2412.0455214932936,43.502813828224234,glucose8a
3543.3649160649093,47.141449424969025,glucose8a
2398.163269394219,46.249843499439166,glucose8a
2156.747168195241,41.78892951687657,glucose8a
1903.0696208338272,36.1016231698998,glucose8a
2148.702850553509,35.709129495187064,glucose8a
3212.3599460855103,54.86461567300539,glucose8a
2857.358882313823,46.64801761994177,glucose8a
1866.8703295459418,33.7315781209422,glucose8a
2176.5253033632716,42.66176718154524,glucose8a
3076.1138842931455,44.351655999641,glucose8a
2629.702763040617,45.93954455186099,glucose8a
2046.8540816220839,36.094848675483874,glucose8a
2312.3613005170782,40.946956449871486,glucose8a
2251.7866597346006,37.01061889753412,glucose8a
3243.6605336692305,49.87374112616921,glucose8a
2823.4695231705773,37.68980671074669,glucose8a
1941.517841764644,44.78578142135049,glucose8a
1803.5413558517353,45.711767665004544,glucose8a
3067.433182789355,47.83108140070466,glucose8a
2135.3583214303494,36.7922658244944,glucose8a
1761.6758079931021,36.93106256271811,glucose8a
1908.5770165000465,33.87352723751203,glucose8a
2847.8104020127666,44.17423366702263,glucose8a
2387.0555506930036,44.016072043105325,glucose8a
1838.4777697282589,39.73310368155816,glucose8a
2215.3721052342107,27.914744396532583,glucose8a
3662.383364147029,42.30050054286761,glucose8a
2695.4330260254533,36.282757522397425,glucose8a
2068.087335970629,34.41514723332914,glucose8a
1944.697638726987,32.147689392886555,glucose8a
3384.13158519989,50.06756400036441,glucose8a
2859.7085794130994,37.42224871391491,glucose8a
3283.211649451746,53.92391849487724,glucose8a
1874.0474365945709,33.94489874163276,glucose8a
2882.4279481602175,37.83641723245304,glucose8a
2349.1856372830725,37.916572120183105,glucose8a
1972.0589085083814,38.08291676315714,glucose8a
2079.324794324211,39.348314220333336,glucose8a
3397.4820078968814,60.13482828703842,glucose8a
2871.816679279121,50.190566733842374,glucose8a
1988.3436732313494,41.74691115168156,glucose8a
1738.4812826842563,35.01620977409669,glucose8a
2096.136025260535,44.812698367703184,glucose8a
2357.985421360962,32.596869316517555,glucose8a
2115.5349933298235,55.51910952458146,glucose8a
1958.7726565556825,42.666006297392826,glucose8a
1781.1891830131676,35.9874714191789,glucose8a
2010.2878905990237,37.32574609633083,glucose8a
2331.8977919571767,49.94178513975626,glucose8a
2164.915313694995,36.24828009358103,glucose8a
1851.3691381281408,38.520578571115806,glucose8a
1797.4356380801391,54.52775207498392,glucose8a
2257.366921341925,40.03970636148749,glucose8a
2039.1347922700697,31.832279043576214,glucose8a
2348.9524447784042,31.57257660258717,glucose8a
2662.2484044316316,37.1276222789571,glucose8a
2109.2683384795173,42.789837093178335,glucose8a
1811.244862794047,36.1292539740178,glucose8a
1986.9128014816072,38.87015745675761,glucose8a
1733.2458373788384,32.67355088622299,glucose8a
2431.1488098815157,35.53627146293427,glucose8a
1860.3116576585849,31.84143573000117,glucose8a
2331.1171850390697,45.35032073493531,glucose8a
2560.7688821112442,48.25570932887141,glucose8a
2337.5882769780333,36.835798658344146,glucose8a
2146.86875796472,57.88551095281862,glucose8a
2055.0729605713914,39.94385084395645,glucose8a
2345.2708202122444,35.46411758603002,glucose8a
2345.1274405001295,38.67265332539069,glucose8a
1992.0296392449009,71.84251673372974,glucose8a
2108.524244984633,55.680457164572935,glucose8a
2453.163798643619,43.79874131402477,glucose8a
2394.3990458772323,43.54688153580573,glucose8a
2646.381903677073,37.19129501002456,glucose8a
2255.865967693356,51.23966517271019,glucose8a
2342.899758996922,46.11800410978559,glucose8a
2009.881538869502,50.17041707754022,glucose8a
1798.508449239172,48.92940844991871,glucose8a
1885.7707826905112,34.254420038882934,glucose8a
2242.21040875288,40.94600107006953,glucose8a
2103.694641904905,48.73112445768061,glucose8a
1860.0907843701652,64.09744394749934,glucose8a
1871.091013096373,46.88904198250569,glucose8a
2401.5314247284805,46.74722568510026,glucose8a
2273.7309946468745,58.44532548458254,glucose8a
1730.6726836632724,43.12305299482626,glucose8a
2111.5371790453414,42.7797023972643,glucose8a
2191.871112900475,51.08068751214084,glucose8a
2023.8260758309057,60.423884940894744,glucose8a
1607.721745666784,38.3568486140887,glucose8a
1762.3242948921836,36.05553108432549,glucose8a
2243.433256498544,43.49185954443877,glucose8a
2103.0403132448296,40.26900296138782,glucose8a
2005.8517512577523,61.95292926775302,glucose8a
2165.9876289926124,41.92223556283344,glucose8a
2169.6282405260126,40.69176069090848,glucose8a
2371.485602384565,40.1767301058633,glucose8a
2455.9623057969425,49.46472572311117,glucose8a
2010.99239738946,41.91785052481765,glucose8a
2041.92490055634,39.22391534821058,glucose8a
2160.38996356023,42.604812722327665,glucose8a
2265.8448204648694,41.95015722578419,glucose8a
1962.63108486089,59.95959759958899,glucose8a
2243.378278281533,46.292989819347405,glucose8a
2227.6875951817283,34.87771430495221,glucose8a
2105.451178364393,37.48727561660575,glucose8a
1967.784980287185,44.85794084740391,glucose8a
2243.129024546566,46.180421133632805,glucose8a
2192.0407146147436,39.24719035279358,glucose8a
2439.833234052297,39.94857009388102,glucose8a
2418.3323366914137,40.04981076898366,glucose8a
2027.926502029203,35.59997699121355,glucose8a
2487.0488055895103,58.127193596489114,glucose8a
2512.6159549281742,38.52372630759599,glucose8a
2476.3514536169114,36.2687236212425,glucose8a
1789.4499065998384,35.53658483572907,glucose8a
1869.2038696060765,36.74983540800791,glucose8a
2497.184175512517,39.48377283746261,glucose8a
2167.273652062456,41.27763065778064,glucose8a
2223.8111343990795,43.305881603454736,glucose8a
2412.3174351807957,37.691828752520806,glucose8a
2098.0993443359826,41.285632312307655,glucose8a
2376.091334359589,38.62400449633832,glucose8a
2354.945957101825,34.60461992928296,glucose8a
1986.273948293917,36.05183761591509,glucose8a
2349.0086195628674,40.003680788620734,glucose8a
2357.227760808762,39.179171622624786,glucose8a
2357.83569306114,28.055867289911625,glucose8a
2420.1167825179577,39.43787210875698,glucose8a
2363.4855224597313,35.7605960797935,glucose8a
2635.775175246367,38.9968548801926,glucose8a
2020.741750057573,40.95888458822817,glucose8a
2046.957451947435,39.59998827598256,glucose8a
2061.040914971239,40.581340513762925,glucose8a
2081.6880236467623,37.94353708461636,glucose8a
1922.4509595133843,33.42517514139835,glucose8a
2289.256721924604,38.93436467465431,glucose8a
2583.553158970461,41.90333602084834,glucose8a
1976.8514824781744,40.94063202947102,glucose8a
2163.1148894340286,49.18645569672784,glucose8a
2544.7380505052547,42.33358589762963,glucose8a
2169.059906375211,34.75453971823461,glucose8a
1920.3032335356224,59.32486357845718,glucose8a
1972.4986081603436,43.59775623168733,glucose8a
2153.1300610338976,42.13221489348787,glucose8a
2067.7946999264277,38.61086001784496,glucose8a
2404.1774408949254,46.05480100402399,glucose8a
2274.560923767428,42.35713801403388,glucose8a
2209.6099731473564,32.41909525474766,glucose8a
2256.3163316509977,38.96696407777052,glucose8a
2040.990132519255,43.33943942678598,glucose8a
1934.534875663878,44.46642014473227,glucose8a
2252.2519997835593,36.536809601584494,glucose8a
2012.5855362800057,38.73971894891143,glucose8a
1911.798394122573,58.41663521826126,glucose8a
1881.801809023708,44.64854672488047,glucose8a
2031.5925112166067,41.27752020120053,glucose8a
2419.460453080605,39.25061099013604,glucose8a
2169.446112076102,37.71263765576945,glucose8a
2315.12259651147,43.43980597728616,glucose8a
2075.785771821252,51.58614688407684,glucose8a
2178.477677005204,39.93532445086873,glucose8a
2348.864547142844,39.87223500836805,glucose8a
1877.1228502383183,39.4815561322393,glucose8a
1976.0594809173328,35.3040315501967,glucose8a
2437.7439747990775,41.52492857491461,glucose8a
2913.772589293126,43.21064932300194,glucose8a
2289.763607047804,41.03346031840951,glucose8a
2294.196956501109,39.88479797692859,glucose8a
2208.180846105285,35.48005206169978,glucose8a
2525.041425972705,43.41461322702582,glucose8a
2017.4665202021304,45.61775942342793,glucose8a
2143.570415779954,41.57801614658251,glucose8a
2295.367334369097,48.11794275472363,glucose8a
2207.1521838792237,43.34253217931462,glucose8a
1921.3721703883255,44.31275222788037,glucose8a
2240.022631157516,39.57398720320897,glucose8a
2189.4801636762463,39.05712465802492,glucose8a
2202.3773875429015,38.24688877803929,glucose8a
1903.8257903591073,38.10357104794548,glucose8a
2125.97488519515,46.465565296685874,glucose8a
2170.1921647472104,48.09647073043499,glucose8a
2085.88917556138,41.83178561513259,glucose8a
2447.3133348349165,36.85410216184625,glucose8a
2568.029794116467,42.142785884924834,glucose8a
2234.149282738254,39.82188182537913,glucose8a
1901.3535443924204,32.654886101661376,glucose8a
2586.089028835723,47.821901385786994,glucose8a
2439.960580841139,35.57225427342932,glucose8a
1947.2330982317144,39.8607852966196,glucose8a
2010.328393753086,60.028806727992674,glucose8a
2262.605212766637,39.93322943948654,glucose8a
2420.5164048295233,32.759845439700385,glucose8a
2495.2132032955406,42.16558576391874,glucose8a
2346.1566697633816,40.3814465630297,glucose8a
2352.0051521432415,52.13385536471546,glucose8a
2522.357208647814,40.08089414996327,glucose8a
2720.3630690558302,40.49702152220611,glucose8a
2549.81668675724,50.172141921040115,glucose8a
2567.7260300399917,40.43162332145678,glucose8a
2287.06012933383,41.63914288285771,glucose8a
2349.9066488311837,46.57370017668393,glucose8a
2321.019370162627,39.7406019794586,glucose8a
2162.5733779933444,38.262652238085536,glucose8a
2374.6937292197067,34.22156698129065,glucose8a
2074.302333209711,39.89415395909446,glucose8a
2429.5834795519045,43.2200542244041,glucose8a
2548.421706151237,35.28942782674187,glucose8a
2827.5345038925034,36.51962274715389,glucose8a
2297.253823831434,40.36412308045416,glucose8a
2233.3389870661085,35.22080680668508,glucose8a
2318.883152573557,37.030821223974186,glucose8a
2666.200979195846,36.79634922086523,glucose8a
2321.1494879417633,38.06590952327953,glucose8a
2358.517980903125,39.546417729002094,glucose8a
2032.150552154397,44.86602615471127,glucose8a
2046.784586562902,41.43280642611806,glucose8a
2415.448541856615,40.97423451317861,glucose8a
2512.3903232569965,46.57731713180143,glucose8a
2430.540952561312,42.34228862965999,glucose8a
2581.4061933381718,47.289997136734854,glucose8a
2162.3172988609067,37.325747235967825,glucose8a
2227.8147605210706,35.50776843175361,glucose8a
2159.246318285635,39.09946426923234,glucose8a
2069.909166633104,46.97540062631623,glucose8a
2054.8508553684,36.77788560835971,glucose8a
3253.445311587503,48.037918164040136,glucose8a
2638.2919424165807,39.58759016200516,glucose8a
2270.0871402842777,49.37304795239464,glucose8a
2036.862649553504,49.33047133298328,glucose8a
2330.2941425704494,39.07408650308624,glucose8a
2355.243196988684,36.93920085192433,glucose8a
2105.656392034871,34.383426061756964,glucose8a
2310.013819646626,31.4427643593693,glucose8a
3082.8560195385835,48.62124689291963,glucose8a
2758.3116178870455,45.85521430134995,glucose8a
1990.2487216465522,40.43048119893794,glucose8a
2072.7597496369763,50.73739520129004,glucose8a
1970.296791900082,41.84625404778326,glucose8a
2599.2156678439715,36.45756846348746,glucose8a
2613.5089801128856,43.07373296130335,glucose8a
2386.83752882818,46.28816618059844,glucose8a
2100.134181276791,37.57734361097815,glucose8a
2565.538319736504,40.77814884427107,glucose8a
2629.9918679659872,38.628751782635824,glucose8a
2330.984328620616,39.04760544721144,glucose8a
1968.8965641795876,38.03037340121175,glucose8a
3501.5160847671996,42.89238354185574,glucose8a
2570.6382999472166,39.99291011747479,glucose8a
2304.521473820427,41.323502309495105,glucose8a
2309.8122725382113,33.37285587113038,glucose8a
2165.193229444239,37.2308999931464,glucose8a
1965.96222023849,85.13308974323745,glucose8a
1720.7171222784852,52.73229248399328,glucose8a
1983.2210386812192,28.728184808890653,glucose8a
1988.2330531516236,37.26878211348688,glucose8a
1897.5209052916828,33.63908412949622,glucose8a
1732.9354342064214,56.574548097204485,glucose8a
1890.4586159441708,43.924367010743936,glucose8a
2009.215365728554,35.08138588527749,glucose8a
1677.5113316069196,50.510649414705625,glucose8a
1873.0859233254232,86.76921259923348,glucose8a
1853.0791066482045,38.75089581692067,glucose8a
1455.789063380576,41.07429750504109,glucose8a
1504.2442772706656,40.66886938077317,glucose8a
2222.34163645369,48.13634802601227,glucose8a
2234.393185160531,53.05271896406984,glucose8a
1965.7033357899868,37.36792775285949,glucose8a
1854.2103424648635,41.41946842537902,glucose8a
1909.0336562387579,52.16718980493107,glucose8a
1978.8020587181484,40.51738683773819,glucose8a
1987.365201845061,41.14758356480826,glucose8a
2029.6510577552701,32.46806193275676,glucose8a
2444.50686529816,35.4291299343118,glucose8a
2454.7988093706745,47.93163911595369,glucose8a
2143.545671037389,70.63812972191855,glucose8a
1928.4147615343652,38.88626140905584,glucose8a
1905.376533634676,50.158326525511605,glucose8a
1751.4774677811033,42.811563800467766,glucose8a
2473.4144985969874,43.438468240900576,glucose8a
2071.715253276559,44.79781876730595,glucose8a
1936.8189661070708,39.994009949191785,glucose8a
1836.8215886239875,39.087934923881605,glucose8a
2384.0441268099976,50.43250589958711,glucose8a
2221.8202738358164,41.132908244644454,glucose8a
1841.833058999211,34.22954313109658,glucose8a
2143.0991125267624,58.56388657255455,glucose8a
2191.699406178554,57.13862244209528,glucose8a
2331.127500451094,78.57796273614474,glucose8a
2024.8571740456218,71.69800096893255,glucose8a
1850.632721403919,39.063389177033926,glucose8a
1854.320973245224,54.110798298754915,glucose8a
1690.1389273132613,38.31741913929909,glucose8a
2455.7365231691083,53.568349450797605,glucose8a
1971.3246398036638,40.628041736600856,glucose8a
1860.523918657794,45.24343039587293,glucose8a
2368.7163032891003,51.1512105790291,glucose8a
2062.915694048288,43.62658592039786,glucose8a
2023.8366798624945,43.98864150820454,glucose8a
1895.017216035322,33.29196415693503,glucose8a
2093.0446853269755,61.88813766764908,glucose8a
1767.3916118406664,60.20741282510448,glucose8a
2048.7259425118446,46.26200211158962,glucose8a
1959.0676541797336,38.63499306560664,glucose8a
1962.521663924648,41.04821276798234,glucose8a
2086.1050732517306,39.19057266509709,glucose8a
2128.927404037495,45.065622292549136,glucose8a
1838.878342822548,48.299182766347,glucose8a
1611.0778694519695,44.82948352917861,glucose8a
1359.870519861163,35.018062593243954,glucose8a
2177.6816874700958,34.701862483438376,glucose8a
2398.2404345822165,50.6255702930205,glucose8a
2112.9964812285652,40.201039296460465,glucose8a
1948.3827358354356,49.074004967281496,glucose8a
1887.4271764494463,45.20372484889538,glucose8a
2172.6414596014147,42.40540903038613,glucose8a
1982.3086721084248,37.53910210650858,glucose8a
1924.3283763173736,35.06193208269084,glucose8a
1668.855508661002,41.741529574736006,glucose8a
2319.3242762988857,45.92206963794994,glucose8a
1897.8294962853,36.22737928052499,glucose8a
2165.7530572327105,63.30167021688086,glucose8a
2203.1512172500047,48.342219685593705,glucose8a
2346.8087583965844,40.21221559256918,glucose8a
1991.1938188148713,35.88613855298395,glucose8a
2239.7636944942997,38.312937919351874,glucose8a
2005.951076752281,64.08586013341449,glucose8a
1755.2241462797851,45.80179801731429,glucose8a
2227.7618300612494,45.07120778398544,glucose8a
1860.9015331387584,36.89854759518278,glucose8a
1546.5755572481562,42.963553777217754,glucose8a
2172.7184389083523,56.179173812225514,glucose8a
1843.978914151324,45.451721939107046,glucose8a
1966.5978299228443,44.59167120886306,glucose8a
1639.8050908251955,42.31321973232247,glucose8a
1744.6489252523127,48.37456754557272,glucose8a
1563.3747506002296,52.89542098519948,glucose8a
1773.4494367986429,44.470224485264815,glucose8a
1694.912818392999,39.875573982923214,glucose8a
2497.7941385594872,38.477730764614826,glucose8a
2150.309929816174,41.98240870325924,glucose8a
2037.4068617263442,36.20589190093603,glucose8a
1850.0534117483617,37.78019232580415,glucose8a
1899.9621525739472,40.834377890798656,glucose8a
1890.9559031331664,42.919687111112275,glucose8a
1696.7417282047832,32.75555232847471,glucose8a
1801.3637045208075,36.657590739159986,glucose8a
1733.8130969441495,40.00777932747295,glucose8a
1704.6426526533046,39.8077724990612,glucose8a
2133.688844884993,37.71116340021687,glucose8a
2124.061447170063,39.60023451016665,glucose8a
2020.1459264951827,42.74715137466121,glucose8a
2538.351856480666,47.0686588677885,glucose8a
1991.5055652293188,41.689742509783045,glucose8a
2077.157937523809,36.86210322036699,glucose8a
2108.6163704219916,36.716412851278925,glucose8a
2411.9367815305945,73.71743312071828,glucose8a
2135.5396961794518,47.758461370047904,glucose8a
2178.931440915983,36.73636992947907,glucose8a
2240.871004719644,35.29029765689333,glucose8a
1953.186815906696,39.09295044435783,glucose8a
1692.6281263260512,45.88330183744833,glucose8a
2007.8765781074353,37.15822145453757,glucose8a
2146.1075303317384,44.598771496974194,glucose8a
1755.7463481102072,36.355765610089755,glucose8a
2078.266063863588,37.13762588845814,glucose8a
1792.9124012427385,42.824573874651634,glucose8a
1976.2864097915976,43.254033971342,glucose8a
2674.709159991045,39.333882549175186,glucose8a
2298.009343294258,39.78047643238333,glucose8a
2862.837495372537,40.49905460265063,glucose8a
2431.7540742642195,38.72386345950774,glucose8a
2120.9890451042306,38.7927519647546,glucose8a
2129.305853015418,32.38460440697677,glucose8a
2125.867434712291,43.98598439660354,glucose8a
2044.2239845011666,42.24730470817739,glucose8a
1658.1383380419277,35.21230172234384,glucose8a
1996.9080217912,39.887612712398976,glucose8a
1920.9555088188658,40.44973278159834,glucose8a
2022.6085768897929,40.06086755234065,glucose8a
1809.7141613204,36.7070845895498,glucose8a
1771.9899434461804,34.34457302168357,glucose8a
1681.6501609594866,31.06774268053048,glucose8a
2148.3410893768164,38.10760035408457,glucose8a
2144.9833811468625,47.84806398550808,glucose8a
1937.7145876150937,36.10234704209024,glucose8a
1940.753374433509,41.97798579797453,glucose8a
1999.0809409162,37.38606760676437,glucose8a
2204.2883368959833,65.38485329893291,glucose8a
1691.4684195913271,39.40125734339072,glucose8a
2442.2058649973815,40.68375062830833,glucose8a
2127.1483639800963,38.59007280965923,glucose8a
2303.1137916750595,33.36063317574183,glucose8a
2167.6466673853447,40.30151250051166,glucose8a
2071.721971251064,32.71674840821338,glucose8a
2269.9186827102126,39.72289199596,glucose8a
2287.7879557623082,36.45844743153541,glucose8a
2269.608877508826,45.41415742482656,glucose8a
2102.871600807522,45.244064953397384,glucose8a
2089.8107043261884,39.27572066915654,glucose8a
2431.9410949476346,38.496011997552586,glucose8a
2000.8548514717183,41.993896580061474,glucose8a
3430.5113256254317,47.73964137452788,glucose8a
2424.59543147906,44.34308689968041,glucose8a
2615.1931827885983,42.74084635923312,glucose8a
1880.318264276473,50.03315539263958,glucose8a
2179.55711588255,37.88411856087788,glucose8a
2522.490890139824,53.262372031646706,glucose8a
2201.9258161191556,50.92656189351389,glucose8a
2710.228698254728,36.92131128789421,glucose8a
2518.660074492146,33.455845091018915,glucose8a
2241.4357366746003,43.98944300414185,glucose8a
2253.5203880452054,38.8953648448092,glucose8a
3049.3747742667997,44.970116098396474,glucose8a
2797.75804347985,45.59002798691529,glucose8a
2045.8420336306351,46.08249802355644,glucose8a
2728.0854225882285,34.51522146171914,glucose8a
2263.205737160634,33.56263444777046,glucose8a
2444.2167044671028,47.607237210019264,glucose8a
2112.293372054397,38.06054429558287,glucose8a
3062.5261555181546,44.90708263042862,glucose8a
2258.213527235323,40.52855067984281,glucose8a
2084.012679069854,38.03531041260847,glucose8a
2090.8621112908836,38.21666670419799,glucose8a
3153.823369374048,66.55709831436337,glucose8a
2673.8838497911743,44.47281430259901,glucose8a
2116.743492897632,43.30874914893483,glucose8a
2151.964502392425,36.88360510039087,glucose8a
2889.8013223589824,68.89846972699341,glucose8a
2026.4589628422082,70.96835534163256,glucose8a
1991.469726546535,45.80143308201588,glucose8a
3033.492591117319,44.57745539358652,glucose8a
2443.5083747665703,35.4411389104156,glucose8a
2284.0035893395625,36.27502578769919,glucose8a
2377.5885765427065,33.14168717056993,glucose8a
3035.376901188039,45.95622364102915,glucose8a
2513.840691470349,38.05415003356154,glucose8a
2222.659055057569,44.62547836452142,glucose8a
2204.31951875672,42.93350251878954,glucose8a
3115.5709973253324,52.64775983249564,glucose8a
2422.0728141778773,39.17212618190117,glucose8a
2078.148822043506,38.652780050122814,glucose8a
3099.5624822400064,44.61543857614954,glucose8a
2456.593214709995,39.82990773332922,glucose8a
1872.3385417250695,41.29798512626516,glucose8a
1825.3430795513384,37.1190584434746,glucose8a
3124.2830881311247,53.47974304772165,glucose8a
2696.2681505592786,47.41356399931512,glucose8a
2414.708312988261,42.31937368818071,glucose8a
2123.2000567781233,45.51433410493529,glucose8a
3092.236394982684,56.118400164207046,glucose8a
2470.98138529978,48.357271209534545,glucose8a
2372.5834921334153,35.62732835551533,glucose8a
2321.260995266087,53.63065099606061,glucose8a
1881.0636947271653,32.60584870485472,glucose8a
2972.4368562954996,44.47564569052376,glucose8a
1982.5600870026487,37.73086222909152,glucose8a
2669.2828749484784,54.064686593502586,glucose8a
2048.511912820241,39.555110835144234,glucose8a
2362.1516461889287,41.012728734269515,glucose8a
2415.285656691709,34.92182670613525,glucose8a
3189.051003164333,46.412718601031386,glucose8a
2902.2944068843426,42.77132196770141,glucose8a
3388.5938950824257,43.51299609237301,glucose8a
2116.2218168680997,45.86002197389237,glucose8a
1762.1539979722995,35.18340620926608,glucose8a
2342.951253339128,40.295063037812334,glucose8a
1910.629796106992,41.68540432937653,glucose8a
1880.140764156233,32.73581819725832,glucose8a
2189.3329655038838,38.90631126340806,glucose8a
2509.4184146535536,39.3409501200796,glucose8a
2127.1627915631643,34.43822208917854,glucose8a
2449.683664531217,45.73108579343023,glucose8a
2139.2495203965764,29.549212515727035,glucose8a
2517.1280004063133,42.40569353893828,glucose8a
2212.7547988180922,38.18810438854552,glucose8a
2249.961611510041,37.70804579222548,glucose8a
2157.023844260218,36.21502289379808,glucose8a
2202.046799325941,42.8361161144852,glucose8a
1950.152845354621,34.74604640740574,glucose8a
2462.9927820834173,39.1286993734364,glucose8a
2162.404081154416,36.62310216954706,glucose8a
2260.0158757220192,34.922612133154026,glucose8a
2186.842979470045,39.781193994232325,glucose8a
2069.4519015484143,40.436024579462625,glucose8a
1852.5401375095196,31.937522951549973,glucose8a
2482.4695273740585,59.76779974082699,glucose8a
2401.499864555597,40.6098709879886,glucose8a
1829.4916549139998,36.31996834613773,glucose8a
2247.9644128826426,46.657266742536066,glucose8a
2312.1929908936245,38.713803741719346,glucose8a
2217.438713411694,76.5465087735048,glucose8a
1561.6316787395544,48.35848299741048,glucose8a
2269.068929796909,39.779325293253464,glucose8a
2397.189880384687,37.58511035585295,glucose8a
1586.2123732643292,43.90900082032039,glucose8a
1470.5783384851143,43.92426748160483,glucose8a
1862.3558764454285,46.05000306746671,glucose8a
1702.5982226746992,32.93297777676898,glucose8a
2239.11680832091,53.67939236116328,glucose8a
1673.7250989077615,47.88747027425352,glucose8a
2232.810819897331,40.44252339359951,glucose8a
2364.643147529507,48.971632109269805,glucose8a
2286.3267824478376,44.92796211078371,glucose8a
1913.2145399724352,40.1001402927095,glucose8a
1498.0583792196064,46.49652960347373,glucose8a
1517.8174967786565,35.07757750081672,glucose8a
2006.9778925919618,38.56550973371814,glucose8a
1851.424640156741,37.26638390446918,glucose8a
2382.8543932844022,51.23118057792159,glucose8a
2256.5999111711008,44.72397703653911,glucose8a
1749.598067023843,28.26621628189223,glucose8a
1817.588272687055,36.19871531083584,glucose8a
1740.9988038887445,40.412405457826125,glucose8a
1950.665960284568,44.3986832655175,glucose8a
1601.2993996213336,41.87010713803,glucose8a
2149.5759005595123,36.31655367759557,glucose8a
2102.827321483121,53.452616637263034,glucose8a
2061.158343971636,56.5272435892702,glucose8a
1824.813172060306,38.57080500487627,glucose8a
1825.622909524134,39.51960100047291,glucose8a
1422.8070995638511,38.92259855559389,glucose8a
1713.4442386423798,42.688117864786854,glucose8a
1875.1779505395941,48.33731709176016,glucose8a
1518.623508920385,88.99699818641884,glucose8a
2004.1490487106207,27.715014682344854,glucose8a
2471.534787432351,45.6291741223317,glucose8a
2253.010083840159,39.000128057031624,glucose8a
2368.851627245398,38.717563622964846,glucose8a
2225.2591634287805,35.7573273719646,glucose8a
2565.2587450649703,60.25765419166338,glucose8a
2154.8215231533386,55.49464963379815,glucose8a
2131.384967005982,38.48443414360761,glucose8a
2307.3827075627887,41.39511217459645,glucose8a
1971.6932501072793,36.04004665259377,glucose8a
2469.045164992543,59.53062381735222,glucose8a
2148.1120414889265,47.87662229811803,glucose8a
1576.6705591457262,37.208604823356154,glucose8a
1540.4067250892454,40.17578132592307,glucose8a
2102.007787330447,84.09065900452826,glucose8a
1856.722128018631,61.25141931347681,glucose8a
2544.2310848282627,44.64489711365393,glucose8a
1360.8780285625087,50.17075989013457,glucose8a
1509.3110736535825,46.44091063933932,glucose8a
1914.4055588937777,70.23022894637879,glucose8a
1606.5390185387446,99.11571512539894,glucose8a
1726.9182514781517,40.56837400304659,glucose8a
1736.6237530782053,31.805536610212748,glucose8a
2120.2789652448137,47.63788172693667,glucose8a
1683.6243012555753,44.756286804065226,glucose8a
2064.7149527299925,31.400304406263345,glucose8a
2404.6591409260113,42.5688923344356,glucose8a
2260.926015062615,38.15889282461416,glucose8a
2137.9936012119706,37.351496766373295,glucose8a
1875.2886806885126,41.3309402482293,glucose8a
1945.271070734629,38.79929768749746,glucose8a
2649.545387296396,50.72472057924419,glucose8a
2462.833816816599,50.44963420274766,glucose8a
1926.474603599908,30.35448934735171,glucose8a
2003.776585607488,46.99309734865965,glucose8a
1795.3443330821506,69.80930128684714,glucose8a
2118.3294586270367,44.08015743956758,glucose8a
1854.7394673683705,32.94404789677129,glucose8a
1739.7852180754826,41.41516114734588,glucose8a
2441.5014641551024,58.193409916291245,glucose8a
2026.5799962782744,37.547353169335096,glucose8a
2267.184596542714,48.36780731426015,glucose8a
2003.8408320415097,41.102233899954406,glucose8a
2344.5647072951137,57.13640681264957,glucose8a
2212.575403110323,42.01783247357435,glucose8a
1895.4638999425144,40.9181601843142,glucose8a
1840.688969700093,35.919074640935285,glucose8a
2032.0740666349884,33.80689441265026,glucose8a
2138.952929076851,53.509882567005384,glucose8a
1916.557911150482,37.83161796015247,glucose8a
1788.377785626237,30.975843788096547,glucose8a
2229.5418395116963,74.59933510651213,glucose8a
1848.7570809009355,64.69083291247904,glucose8a
2553.538643109611,37.95587635399374,glucose8a
2260.720681593549,34.702001055027296,glucose8a
2253.434568713337,40.889490069850176,glucose8a
2018.4204099859353,32.916767877512015,glucose8a
2412.5296659177116,60.61601160605862,glucose8a
1583.6939754348884,37.668502110768856,glucose8a
2075.69722789512,38.88002700101753,glucose8a
2031.5456009993813,49.46950528730868,glucose8a
1711.0237707238098,43.79332482180708,glucose8a
2371.3613468555805,61.13154236722539,glucose8a
2039.2475612885441,45.07778494457556,glucose8a
2590.582304094379,37.26068985742645,glucose8a
2487.8700360154703,33.38953459219792,glucose8a
2226.7691651707373,43.249101764207246,glucose8a
2266.7067526277197,46.287297255241135,glucose8a
2117.6023242604956,51.71264298437495,glucose8a
1842.716913538314,54.41169670834334,glucose8a
1859.1030588878014,39.52426362055729,glucose8a
1740.6738817288629,39.62004585855131,glucose8a
2341.0328810979004,43.90989767821496,glucose8a
1710.376927385763,44.43650954441592,glucose8a
1718.5855536406366,38.50900913450138,glucose8a
2235.0155049064792,35.45385048100667,glucose8a
2445.591645434754,44.5010107682546,glucose8a
2166.200886874125,39.45759265075302,glucose8a
1894.148134790549,52.86066841248333,glucose8a
1588.680585897121,45.483712697868654,glucose8a
2463.5101928076456,46.34964129728241,glucose8a
2261.409866936244,40.6371922477264,glucose8a
2788.9058727981146,36.01433032185781,glucose8a
2188.816540003686,30.838903708416783,glucose8a
2384.796409743236,37.8753232456562,glucose8a
1996.8193308357672,35.01392148818754,glucose8a
2667.8786187095025,47.29771657159333,glucose8a
2452.755314087206,42.64684764172261,glucose8a
2171.1712072935575,51.08817751399984,glucose8a
1666.7302948088789,33.86427823743054,glucose8a
2528.1012332301507,32.19704234381912,glucose8a
2312.9532478661854,35.43420892950678,glucose8a
2247.2839684048654,41.6313901124673,glucose8a
1988.1693806059159,34.89608868507541,glucose8a
2181.12359783919,46.40788894703658,glucose8a
1717.9499058921679,59.48431859742785,glucose8a
2087.51128268443,35.918425717974095,glucose8a
1950.1500050951531,36.46773702561211,glucose8a
2123.8884115082283,35.38204539836888,glucose8a
2710.2709425658586,42.17774734417651,glucose8a
2361.564875919058,34.519030828579695,glucose8a
2090.7607758715803,37.132466216666685,glucose8a
2353.12104299615,36.25725382970788,glucose8a
2219.251853228397,35.94659566141346,glucose8a
2324.3368936299285,38.810316175662706,glucose8a
2356.69288478808,36.12952394220615,glucose8a
2013.5525087632923,34.488029783055396,glucose8a
2096.348536135748,44.76650126806697,glucose8a
1796.1634631458617,47.39172710053727,glucose8a
2189.9926171475972,36.00206785283111,glucose8a
2256.076258308531,43.32432736488656,glucose8a
2053.6368910216097,48.30193724903937,glucose8a
2259.6242149547006,37.197861539534586,glucose8a
1759.011764487772,53.8325029928194,glucose8a
2049.712944261275,36.424760775098115,glucose8a
2308.7797676319537,37.636749981575576,glucose8a
2060.3766444487046,48.94561445608426,glucose8a
1811.4840651438565,38.21882565503475,glucose8a
2159.2162287334186,39.302545181952944,glucose8a
2199.700640540043,40.92211372650951,glucose8a
2074.5646366768747,38.16759269505198,glucose8a
2413.9703310981895,39.7050532818006,glucose8a
2224.030401636821,38.60761681529721,glucose8a
1918.4343116104817,44.61470795139684,glucose8a
1994.5185879032097,44.74891647490876,glucose8a
2783.998490265662,54.640827278081005,glucose8a
2750.091509609307,47.26531202029499,glucose8a
2038.2772601988197,45.77855904312929,glucose8a
1861.0330788596775,42.462247343291025,glucose8a
1808.993624744037,44.97882729386278,glucose8a
2432.8588366634262,41.51409877570215,glucose8a
2203.2562303783857,42.88374766121994,glucose8a
2217.930644618612,33.86764456837939,glucose8a
2589.3049710469113,54.245770906632494,glucose8a
2251.297490557739,49.41975188625031,glucose8a
2328.445928004018,42.75764980688628,glucose8a
2257.742857290927,33.64141490503659,glucose8a
1755.1629691114874,44.12782013275833,glucose8a
2395.8316149625457,54.183952775639455,glucose8a
2048.247770450029,41.971220697700886,glucose8a
2285.2199077595037,40.41192763412616,glucose8a
2666.9646930006393,54.83229543766767,glucose8a
2257.5905838848234,57.00169587952493,glucose8a
2734.961251153678,49.40169349989715,glucose8a
2201.1283867278044,34.42595649651001,glucose8a
2101.81520640259,40.2784912073931,glucose8a
2566.3234327979803,68.665628364006,glucose8a
2262.0864729714503,81.92792677933986,glucose8a
1991.9524950287807,51.515814136297834,glucose8a
1696.6170035261132,52.97010750070587,glucose8a
2055.0811611359054,39.49157242046643,glucose8a
2548.663402879216,62.679925438728134,glucose8a
1872.791783872671,54.50198613120247,glucose8a
1774.995139771879,52.29150538635701,glucose8a
1810.9679113911222,39.510894528475646,glucose8a
1875.776760274571,48.41403211464518,glucose8a
1829.4300899495584,44.52633036921221,glucose8a
2852.5818968929157,51.13458731938816,glucose8a
2613.1397638435715,40.67932837130201,glucose8a
2412.413951641996,46.595757298968095,glucose8a
2200.4567081547425,51.19626309405142,glucose8a
2651.770903781162,57.661917860764895,glucose8a
2084.965402634765,42.00227867877294,glucose8a
1981.419449645164,55.72444495501205,glucose8a
1894.462932545555,38.07426576446095,glucose8a
1881.0896818541187,39.94897297215205,glucose8a
2395.7606579073044,103.75695066151508,glucose8a
2135.684363382585,92.40845114259184,glucose8a
2155.4137249784435,39.820925452744646,glucose8a
2447.5563415539186,36.548573953712314,glucose8a
1912.6464808765909,55.142903438492866,glucose8a
1663.6003558189063,93.23637758672598,glucose8a
1987.6143788969289,37.96277170381229,glucose8a
1831.9966715893288,27.603985461733124,glucose8a
2075.0353314441077,52.97983918725739,glucose8a
1866.6327670977064,30.71716413806888,glucose8a
2299.342144086342,48.600332310447094,glucose8a
1956.5359359942377,59.08098432131362,glucose8a
1787.535385323864,46.48650128469895,glucose8a
2539.5712902499713,43.90532648175277,glucose8a
2243.201470895815,40.257891331687894,glucose8a
1846.0976533577611,42.08009031791248,glucose8a
1566.8859505917262,36.76829166707414,glucose8a
2485.705986817907,44.21319827087243,glucose8a
2535.0185441316685,46.36401220735531,glucose8a
2434.166864357048,46.67112942069173,glucose8a
2205.228153689903,36.68491329564997,glucose8a
2281.1120888184755,44.300621861705665,glucose8a
2200.4105540297355,43.44999868991899,glucose8a
2392.219635764067,51.99634357859448,glucose8a
2402.5995586505487,49.456520476615246,glucose8a
2061.3919217536113,48.15317166344231,glucose8a
1993.0160737302176,40.51943326757849,glucose8a
1926.3805300278545,37.80203890739777,glucose8a
1968.5205713566631,45.32102328477173,glucose8a
2113.4524760485156,48.990590977515254,glucose8a
1716.8002151510502,40.91278334434495,glucose8a
2214.6147824801174,48.46590712818816,glucose8a
2275.5299240320464,45.10649903364022,glucose8a
2072.4938863567136,47.84327474107725,glucose8a
2361.810002725594,53.63014296291088,glucose8a
2107.9116516854983,42.143294007414866,glucose8a
1936.635159453687,36.25596167236863,glucose8a
2180.1397410253626,67.10284517419637,glucose8a
2105.432420929049,45.28265675430413,glucose8a
2044.64367757824,41.2693958092508,glucose8a
1805.2531974722167,44.04315204166073,glucose8a
2158.306134047616,30.86443650148624,glucose8a
2377.7779600875238,46.110806336903735,glucose8a
2326.2189866469607,45.47065810569863,glucose8a
2145.498602922254,43.717074181775786,glucose8a
1962.0111025187157,40.08229085498035,glucose8a
2427.2146629563535,43.53220427569968,glucose8a
1777.1682233992976,44.23328610153682,glucose8a
2072.064688857415,42.60177502890121,glucose8a
2017.3152048789916,38.41627368003742,glucose8a
2363.3964912668644,47.24903186523264,glucose8a
1668.6569730540868,36.06234513014543,glucose8a
1547.497121520917,44.16254448951008,glucose8a
1570.2085251322978,52.39707087884469,glucose8a
2467.79233009217,44.76438116276552,glucose8a
1999.7001537070973,39.52376319852001,glucose8a
2225.79921998866,46.307502806231035,glucose8a
2197.3091905978163,39.95891590328789,glucose8a
1882.3689207323907,43.18534926693533,glucose8a
2064.056151790789,51.69380003999411,glucose8a
2777.040869949437,44.51654923434093,glucose8a
2207.32385231471,48.30926730576461,glucose8a
1941.5253124693343,48.10087607813918,glucose8a
1738.6236413145687,37.40711327332913,glucose8a
3018.430666430345,51.712837007045295,glucose8a
2164.247404406833,39.19339419859245,glucose8a
2756.0556802932847,48.114111327981895,glucose8a
2082.8145923109746,43.341648826195225,glucose8a
1838.7238864035005,40.82564780417073,glucose8a
1921.0696085537816,39.19805488430785,glucose8a
2747.150505231615,44.02950575775541,glucose8a
2205.123930727556,41.030685220332835,glucose8a
2105.366795964501,39.61821725352442,glucose8a
2004.8345982204373,35.583678360002956,glucose8a
2831.4385990331657,41.471847300678384,glucose8a
2189.962509559603,44.39376286374975,glucose8a
2208.297523737078,71.59273555456461,glucose8a
2306.693472201367,46.14757045744348,glucose8a
2604.687140840906,45.54455360736604,glucose8a
2078.5799147143102,41.70532733956878,glucose8a
1652.074720250205,38.77978506387495,glucose8a
1827.3903461046743,44.98342160129801,glucose8a
2789.19519864064,60.243001354461626,glucose8a
2097.39100496748,42.52341253934155,glucose8a
1997.157032457617,39.4607468383026,glucose8a
1989.152134908615,37.67055202247244,glucose8a
1930.707984887039,44.93268372706363,glucose8a
2002.1783508886658,41.13972116811155,glucose8a
2872.8846906452495,52.604943784483126,glucose8a
2253.387878357123,44.77966121643899,glucose8a
1907.5349604085984,37.97779321829458,glucose8a
2942.8676498903483,49.09433888166595,glucose8a
2288.8576694140597,42.57286900309198,glucose8a
2138.984751863556,36.224258135232006,glucose8a
3072.305915348461,53.47002920078885,glucose8a
2563.5607741917947,40.83405112703769,glucose8a
2173.2731945087808,51.27465458473,glucose8a
2157.990602072472,42.20245837653481,glucose8a
2938.462856670053,44.391574468026654,glucose8a
2361.3600952493616,37.82945414846786,glucose8a
2057.494495944199,57.713759038300275,glucose8a
1970.5839397232905,43.64748188713328,glucose8a
3501.907734156705,48.79171464585092,glucose8a
2515.5658264493286,35.008093988164006,glucose8a
2041.859944089099,35.883513000534364,glucose8a
2152.6405035016,37.06477219844321,glucose8a
2894.7372239930924,59.23941898179398,glucose8a
2441.4396779806693,44.72287242503927,glucose8a
1953.571079417324,44.86267304599373,glucose8a
1613.0448967267118,41.40992220569629,glucose8a
2757.3586448227825,50.69044672141881,glucose8a
1985.7360903993554,39.31630093886861,glucose8a
2236.55060756346,29.978881862367373,glucose8a
2876.795653189643,60.142493328961535,glucose8a
1976.7694376864488,42.662372837703664,glucose8a
1832.0915685788348,40.10135346408345,glucose8a
2122.5069300202836,36.97958614458356,glucose8a
2635.070003676778,43.10003201281535,glucose8a
1772.3637379647037,41.95164348902491,glucose8a
1696.627895111675,35.3878955089798,glucose8a
1851.6415470296802,31.4375869827535,glucose8a
2155.561028889181,37.52424060872984,glucose8a
3320.498525966439,45.25357863179155,glucose8a
2708.320243099523,43.7709438658843,glucose8a
2011.8636749743425,46.97300598011783,glucose8a
2050.1270015281816,37.527992040566346,glucose8a
3315.884525455306,43.62660831201079,glucose8a
2504.6037736657495,41.88322564454001,glucose8a
2205.402019386781,44.022808140981454,glucose8a
1904.2898544471425,32.16553735417037,glucose8a
3367.795828948607,57.7123049479128,glucose8a
2886.572755771294,42.25366943900752,glucose8a
2832.3196673206758,52.99693449145779,glucose8a
2396.8735417697526,39.8039214684859,glucose8a
2868.553432696006,37.58295888095631,glucose8a
2733.1132391619876,41.92435416373339,glucose8a
2470.760800159932,39.91479299019121,glucose8a
2172.232106179511,42.478268683280106,glucose8a
3695.2411682102297,47.2060075963136,glucose8a
2786.134077729186,46.98873568291656,glucose8a
3417.71362084863,51.70367046212255,glucose8a
2662.706760653345,41.96393165571379,glucose8a
2287.1136698053983,41.098860733755544,glucose8a
2427.5850525602687,45.72165969518205,glucose8a
2209.259286436649,41.59617327133029,glucose8a
3065.0288011315424,47.641664184034774,glucose8a
2378.914922680553,45.44146923556781,glucose8a
