id,date,price,bedrooms,bathrooms,sqft_living,sqft_lot,floors,waterfront,view,condition,grade,sqft_above,sqft_basement,yr_built,yr_renovated,zipcode,lat,long,sqft_living15,sqft_lot15,good_bad
6865200140,20140529T000000,485000.0,4,1.0,1600,4300,1.5,0,0,4,7,1600,0,1916,0,98103,47.6648,-122.343,1610,4300,0
3362400511,20150304T000000,570000.0,3,1.75,1260,3328,1.0,0,0,5,6,700,560,1905,0,98103,47.6823,-122.349,1380,3536,0
3362400431,20140626T000000,518500.0,3,3.5,1590,1102,3.0,0,0,3,8,1590,0,2010,0,98103,47.6824,-122.347,1620,3166,1
2331300505,20140613T000000,822500.0,5,3.5,2320,4960,2.0,0,0,5,7,1720,600,1926,0,98103,47.6763,-122.352,1700,4960,0
1994200024,20141104T000000,511000.0,3,1.0,1430,3455,1.0,0,0,3,7,980,450,1947,0,98103,47.6873,-122.336,1450,4599,0
3362900810,20140820T000000,532170.0,3,2.0,1360,3090,2.0,0,0,3,8,1360,0,1990,0,98103,47.6838,-122.353,1500,3090,1
2264500350,20150418T000000,615000.0,4,1.0,1330,2400,1.5,0,0,4,6,1330,0,1901,0,98103,47.65,-122.34,1330,4400,0
9468200125,20140826T000000,480000.0,2,1.0,1030,3060,1.0,0,2,4,7,790,240,1918,0,98103,47.6779,-122.353,1390,3060,0
3797001895,20150422T000000,481000.0,3,1.75,1560,3000,1.0,0,0,4,6,770,790,1918,0,98103,47.6846,-122.345,1390,3000,0
9521101455,20140723T000000,548000.0,2,1.0,1470,3864,1.0,0,0,4,7,1170,300,1916,0,98103,47.6638,-122.345,1570,3864,0
9550201550,20150408T000000,640000.0,2,1.0,1070,5000,1.0,0,0,3,7,1070,0,1924,0,98103,47.6666,-122.331,1710,5000,0
2877103726,20140722T000000,791500.0,4,2.0,1510,3500,1.5,0,0,5,7,1510,0,1911,0,98103,47.6794,-122.357,1820,3750,0
3363900111,20141203T000000,437500.0,2,1.0,990,3120,1.0,0,2,5,7,790,200,1907,0,98103,47.68,-122.353,1930,3120,0
7821200390,20140806T000000,450000.0,3,2.0,1290,1213,3.0,0,0,3,8,1290,0,2001,0,98103,47.6609,-122.344,1290,3235,1
625049299,20141203T000000,482000.0,2,1.0,950,3960,1.0,0,0,3,7,950,0,1941,0,98103,47.6885,-122.337,1320,4050,0
3454000060,20140722T000000,1000000.0,4,2.5,2610,3277,1.5,0,0,5,8,1920,690,1922,0,98103,47.6636,-122.33,1810,3277,1
5694500105,20141204T000000,595000.0,2,2.0,1510,4000,1.0,0,0,4,7,1010,500,1900,0,98103,47.6582,-122.345,1920,4000,0
6431500140,20141217T000000,880000.0,3,2.5,2870,5163,2.0,0,0,3,9,2870,0,2014,0,98103,47.6935,-122.352,1630,7995,1
6865200444,20140505T000000,531000.0,2,3.0,1270,1175,2.0,0,0,3,8,1110,160,2000,0,98103,47.6634,-122.34,1290,1800,1
3126049411,20141209T000000,340000.0,2,2.5,1100,1760,3.0,0,0,3,7,1100,0,1997,0,98103,47.6972,-122.35,1200,1415,0
6431000270,20140728T000000,565000.0,2,1.0,960,4080,1.0,0,0,5,7,960,0,1911,0,98103,47.6893,-122.349,1300,4080,0
5693500270,20150121T000000,715000.0,4,1.0,2000,4800,2.0,0,0,4,7,2000,0,1911,0,98103,47.6583,-122.351,1260,1452,0
4083305445,20140815T000000,650000.0,3,2.0,1340,2720,1.5,0,0,3,7,1340,0,1913,0,98103,47.6518,-122.335,2030,4590,0
3362400640,20150512T000000,825000.0,3,1.75,2010,3090,1.5,0,0,5,7,1510,500,1926,0,98103,47.682,-122.348,1600,3150,0
510002519,20140715T000000,466000.0,2,1.5,1140,1058,3.0,0,0,3,7,1140,0,2005,0,98103,47.6608,-122.333,1170,1116,0
7517500611,20140521T000000,720000.0,3,2.5,2020,1159,3.0,0,3,3,8,2020,0,2000,0,98103,47.6617,-122.356,1920,3600,1
510002065,20150323T000000,700000.0,4,1.0,1980,4560,1.5,0,0,3,7,1980,0,1920,0,98103,47.6606,-122.331,1810,3245,0
4310700570,20141210T000000,280300.0,2,1.0,920,5000,1.0,0,0,4,6,490,430,1949,0,98103,47.7008,-122.338,1500,5000,0
789000550,20150413T000000,415000.0,3,1.75,1480,2200,2.0,0,0,3,7,1480,0,1995,0,98103,47.6969,-122.35,1360,2190,0
9178600560,20140623T000000,690000.0,2,1.0,970,4560,1.0,0,0,4,7,970,0,1907,0,98103,47.6561,-122.332,1500,4560,0
3797000295,20150312T000000,492000.0,2,1.0,880,2970,1.0,0,0,3,7,880,0,1927,0,98103,47.6868,-122.349,1370,3060,0
3797001920,20140702T000000,310000.0,2,1.0,700,3000,1.0,0,0,4,6,700,0,1918,0,98103,47.6846,-122.346,1560,4500,0
993001629,20141117T000000,265000.0,3,2.75,1120,881,3.0,0,0,3,8,1120,0,1999,0,98103,47.6914,-122.343,1120,1087,1
4310701600,20141113T000000,340000.0,3,2.5,1240,1115,3.0,0,0,3,8,1240,0,2003,0,98103,47.6985,-122.34,1410,1355,1
6772200055,20140917T000000,780000.0,4,3.0,2440,3600,1.5,0,0,5,8,1480,960,1929,0,98103,47.6853,-122.331,1770,4000,1
9468200140,20140819T000000,450000.0,2,1.75,1250,2890,1.0,0,0,4,7,790,460,1920,0,98103,47.6795,-122.353,1500,3225,0
8032700140,20141028T000000,830000.0,5,3.0,2920,2808,2.0,0,0,3,8,2140,780,1960,1992,98103,47.654,-122.342,1620,1544,1
9473200105,20140924T000000,425000.0,2,1.0,2110,4920,1.5,0,0,3,7,1460,650,1911,0,98103,47.6872,-122.339,1390,4732,0
9178601000,20140730T000000,715000.0,3,2.0,1760,5400,1.0,0,0,5,7,1160,600,1927,0,98103,47.6558,-122.331,1640,5400,0
625049286,20140815T000000,640000.0,3,1.0,1530,4944,1.0,0,0,3,7,1530,0,1950,0,98103,47.6857,-122.341,1500,4944,0
5694000710,20141107T000000,352950.0,3,1.0,1760,3000,1.5,0,0,1,6,1760,0,1900,0,98103,47.6598,-122.348,1320,1266,0
9550200310,20140811T000000,495000.0,2,1.0,970,4284,1.0,0,0,3,7,970,0,1905,0,98103,47.6667,-122.333,2050,4284,0
6690500320,20141027T000000,650000.0,3,1.0,1710,5992,1.5,0,0,4,7,1560,150,1928,0,98103,47.6861,-122.354,1240,3001,0
1972201820,20141016T000000,610000.0,4,2.0,2130,2620,1.5,0,0,5,7,1650,480,1919,0,98103,47.6515,-122.346,1330,2719,0
1529300435,20141120T000000,440000.0,3,1.0,1610,5500,1.5,0,0,3,7,1610,0,1903,1973,98103,47.698,-122.351,1200,5701,0
9521100960,20150116T000000,635000.0,4,1.5,2820,4000,2.0,0,0,3,7,2820,0,1911,0,98103,47.6638,-122.348,1470,1627,0
9550202010,20140710T000000,775000.0,6,2.75,2980,5000,1.5,0,0,3,7,2480,500,1916,0,98103,47.6684,-122.331,1470,5000,0
2883200966,20150318T000000,780000.0,5,1.5,1940,4800,2.0,0,0,3,8,1940,0,1905,0,98103,47.6845,-122.332,1750,4800,1
9521101221,20140519T000000,487250.0,4,2.0,1690,3250,1.5,0,0,3,7,1550,140,1901,0,98103,47.6637,-122.346,1620,3250,0
2264500890,20140508T000000,712000.0,3,1.0,1250,4620,1.5,0,0,4,7,1150,100,1900,0,98103,47.651,-122.341,1900,4400,0
4083306175,20150401T000000,805000.0,3,1.75,1080,3200,1.0,0,0,4,7,880,200,1926,0,98103,47.6503,-122.338,1780,5200,0
2402100575,20140613T000000,1125000.0,6,3.75,3010,4360,2.0,0,0,3,9,2000,1010,2014,0,98103,47.6873,-122.333,1600,5160,1
6430500186,20141104T000000,800000.0,4,1.5,1790,3952,1.5,0,0,4,8,1790,0,1932,0,98103,47.689,-122.352,1200,3876,1
1972202080,20140710T000000,725000.0,2,1.75,1950,2719,1.0,0,0,5,7,1010,940,1919,0,98103,47.6513,-122.346,1360,1256,0
3856901525,20141001T000000,627500.0,4,1.0,1560,4080,1.5,0,0,3,7,1560,0,1923,0,98103,47.6711,-122.331,1890,4080,0
993002325,20140623T000000,430000.0,2,1.5,950,4625,1.0,0,0,4,7,950,0,1949,0,98103,47.6912,-122.34,1440,4625,0
3856901715,20140924T000000,470450.0,2,1.0,1010,3400,1.0,0,0,3,7,1010,0,1921,0,98103,47.6711,-122.329,1800,3600,0
4083800340,20150402T000000,462000.0,5,2.0,1380,4300,1.5,0,0,3,7,1380,0,1916,0,98103,47.6647,-122.337,1830,3800,0
9178600135,20140826T000000,800000.0,4,2.0,2130,2800,1.0,0,0,5,7,1070,1060,1922,0,98103,47.6545,-122.333,1990,3990,0
9551202025,20140625T000000,800000.0,2,1.0,1740,5719,1.0,0,0,3,8,1740,0,1955,0,98103,47.6729,-122.335,1980,5000,1
9521100106,20140826T000000,440000.0,4,1.0,1780,4000,1.5,0,0,3,7,1780,0,1922,0,98103,47.6624,-122.354,1750,4000,0
1529300160,20140619T000000,405000.0,2,1.0,1260,4377,1.0,0,0,4,7,1260,0,1947,0,98103,47.6988,-122.354,1420,6376,0
3047700105,20150423T000000,990000.0,4,3.75,3450,4940,2.0,0,0,3,10,2570,880,2006,0,98103,47.692,-122.338,1880,5387,1
1930301555,20140701T000000,500000.0,2,1.0,950,4500,1.0,0,2,3,7,850,100,1926,0,98103,47.6562,-122.354,1670,4000,0
993000046,20140922T000000,510000.0,3,2.0,1600,4510,1.0,0,0,3,7,990,610,1978,0,98103,47.6939,-122.34,1580,4561,0
4459800070,20140718T000000,679000.0,4,1.5,1420,4923,1.5,0,0,4,8,1420,0,1928,0,98103,47.6901,-122.339,1470,4923,1
3126049094,20141112T000000,392450.0,4,2.0,2195,2681,1.0,0,0,3,7,1060,1135,1912,0,98103,47.6965,-122.342,1710,1280,0
3797000830,20140530T000000,425000.0,3,1.75,1680,3000,1.0,0,2,4,6,840,840,1900,0,98103,47.686,-122.346,1540,3700,0
9178600055,20150505T000000,695000.0,2,1.0,1140,3990,1.0,0,0,3,7,1140,0,1924,0,98103,47.6554,-122.333,1800,5700,0
3362900696,20141020T000000,415000.0,3,1.0,1500,3399,2.0,0,0,5,7,1300,200,1926,0,98103,47.6838,-122.352,1360,3588,0
9465200181,20150428T000000,475000.0,4,1.5,2320,5534,1.5,0,0,4,7,1540,780,1915,0,98103,47.6944,-122.355,1670,5913,0
2402100055,20140716T000000,670000.0,4,3.0,2500,5000,1.5,0,0,4,7,1460,1040,1926,0,98103,47.6895,-122.331,1720,4500,0
6690500070,20140721T000000,579000.0,3,2.5,1990,4040,1.5,0,0,5,8,1390,600,1926,0,98103,47.6867,-122.354,1180,3030,1
1919800260,20140716T000000,645000.0,3,1.75,2340,6750,1.5,0,0,5,7,1620,720,1914,0,98103,47.6956,-122.335,1410,3388,0
9136101776,20140918T000000,709000.0,4,1.0,1680,4087,1.5,0,0,3,7,1680,0,1911,0,98103,47.6667,-122.337,1740,3745,0
5540800100,20150511T000000,245000.0,3,1.0,910,6630,1.0,0,0,4,6,910,0,1912,0,98103,47.6947,-122.346,950,5100,0
5511600245,20150324T000000,350000.0,2,1.0,1350,3880,1.0,0,0,3,6,950,400,1927,0,98103,47.6842,-122.344,1670,3920,0
1646500785,20141215T000000,499000.0,2,1.0,1450,3090,2.0,0,0,3,7,1450,0,1919,1987,98103,47.6853,-122.356,1450,4635,0
1994200031,20140620T000000,450000.0,3,2.0,1430,3480,1.0,0,0,3,7,980,450,1947,0,98103,47.6874,-122.336,1450,4650,0
9521100586,20140524T000000,479000.0,3,1.0,1370,3000,1.5,0,0,3,7,1370,0,1924,0,98103,47.6619,-122.351,1510,2151,0
4310702787,20140717T000000,335000.0,3,3.0,1430,1249,3.0,0,0,3,8,1430,0,2003,0,98103,47.6971,-122.34,1020,1112,1
9136103130,20141201T000000,430000.0,2,1.5,1090,4013,1.5,0,0,3,7,1090,0,1900,0,98103,47.6652,-122.338,1390,4013,0
9136103130,20150512T000000,685000.0,2,1.5,1090,4013,1.5,0,0,3,7,1090,0,1900,0,98103,47.6652,-122.338,1390,4013,0
6431500283,20141117T000000,409500.0,3,1.0,1340,4120,1.0,0,0,4,7,1040,300,1921,0,98103,47.6916,-122.352,1270,4635,0
3797002585,20140709T000000,660000.0,3,1.0,1240,3500,1.0,0,0,4,7,1240,0,1927,0,98103,47.6835,-122.347,1650,3360,0
3362400590,20150219T000000,700000.0,4,2.0,2230,4635,1.5,0,0,5,7,1510,720,1908,0,98103,47.682,-122.349,1520,4635,0
4083801785,20150313T000000,660000.0,2,1.0,1070,5000,1.0,0,0,3,7,1070,0,1924,0,98103,47.6631,-122.337,1400,4000,0
1931301105,20140717T000000,440000.0,3,2.0,1550,2401,2.0,0,0,3,7,1550,0,1996,0,98103,47.6545,-122.348,1550,3446,0
9550200265,20140818T000000,625000.0,3,1.0,1240,4080,1.0,0,0,3,7,1240,0,1925,0,98103,47.667,-122.333,2060,4080,0
9136101335,20140515T000000,613000.0,4,2.0,1550,4815,1.5,0,0,3,7,1550,0,1909,0,98103,47.667,-122.336,1680,4013,0
9551201250,20140902T000000,750000.0,3,1.0,1640,6516,1.5,0,0,4,7,1440,200,1935,0,98103,47.6693,-122.339,1770,4000,0
3797000300,20140808T000000,405000.0,2,1.0,880,3000,1.0,0,0,5,7,880,0,1927,0,98103,47.6868,-122.349,1300,3000,0
2331300025,20150311T000000,967000.0,4,3.25,1860,4356,2.0,0,0,3,9,1860,0,1917,2005,98103,47.6785,-122.351,1860,4356,1
9523103001,20141013T000000,389000.0,2,1.0,850,3276,1.0,0,0,3,6,850,0,1910,0,98103,47.6742,-122.35,1460,4100,0
1997200165,20140916T000000,802000.0,3,2.25,2170,5001,2.0,0,0,3,8,2170,0,2014,0,98103,47.6937,-122.338,1700,6991,1
4083301645,20141024T000000,525000.0,3,1.0,1550,6840,1.5,0,0,3,7,1550,0,1918,0,98103,47.6572,-122.335,2370,4560,0
1257201130,20141001T000000,1015000.0,4,2.5,2700,4590,2.0,0,0,3,8,2700,0,2002,0,98103,47.6734,-122.329,2080,3570,1
2919201095,20150327T000000,540000.0,3,1.0,1270,3840,1.5,0,0,3,7,1270,0,1926,0,98103,47.6896,-122.357,1270,4175,0
1257201295,20140708T000000,480000.0,2,1.0,1060,3040,1.0,0,0,3,7,860,200,1924,0,98103,47.6725,-122.329,1470,3814,0
4310702775,20150203T000000,280000.0,2,1.5,800,1196,2.0,0,0,3,8,800,0,2003,0,98103,47.6972,-122.341,1020,1087,1
4083303815,20150421T000000,695000.0,5,2.0,3160,3990,1.5,0,0,3,7,1870,1290,1923,0,98103,47.654,-122.337,1780,4240,0
3126049436,20140912T000000,416000.0,3,2.5,1710,1296,3.0,0,0,3,8,1510,200,2004,0,98103,47.6963,-122.342,1610,1282,1
9521100855,20140610T000000,440000.0,3,1.5,1290,1286,3.0,0,0,3,7,1290,0,2000,0,98103,47.6617,-122.349,1720,1286,0
263000164,20141217T000000,425000.0,2,1.0,830,6030,1.0,0,0,4,6,830,0,1925,0,98103,47.6994,-122.347,1280,6030,0
263000291,20140904T000000,433500.0,3,1.75,1540,9450,1.0,0,0,4,6,1040,500,1919,0,98103,47.6985,-122.348,1200,5400,0
9521101055,20140827T000000,720000.0,4,1.75,2530,5000,1.5,0,2,5,8,2070,460,1917,0,98103,47.6624,-122.348,1950,3600,1
4459800100,20150422T000000,390000.0,2,1.0,980,3800,1.0,0,0,3,7,980,0,1926,0,98103,47.6903,-122.34,1520,5010,0
1997200215,20140507T000000,599999.0,9,4.5,3830,6988,2.5,0,0,3,7,2450,1380,1938,0,98103,47.6927,-122.338,1460,6291,0
9523104345,20141218T000000,825000.0,5,3.0,4080,7500,2.0,0,2,4,8,2720,1360,1961,0,98103,47.6722,-122.349,2000,4545,1
1257202120,20141030T000000,579100.0,2,1.0,1070,2754,1.0,0,0,3,7,830,240,1924,0,98103,47.6755,-122.331,1760,4080,0
9523100459,20140609T000000,552000.0,2,2.5,1380,951,3.0,0,0,3,9,1380,0,2006,0,98103,47.6654,-122.355,1430,3400,1
4083304535,20141114T000000,1045000.0,4,2.75,2950,4560,2.0,0,0,5,7,1810,1140,1912,0,98103,47.6525,-122.333,2000,4560,0
9482700475,20140927T000000,875000.0,4,3.5,2850,4416,1.5,0,0,3,7,2040,810,1926,0,98103,47.6835,-122.342,1860,4416,0
2917200615,20150325T000000,486700.0,2,1.0,1200,6278,1.0,0,0,3,7,1080,120,1942,0,98103,47.7001,-122.351,1200,6211,0
9551201295,20140728T000000,527500.0,2,1.0,1170,3000,1.5,0,0,3,7,1170,0,1910,0,98103,47.6697,-122.338,1530,4000,0
2919201335,20140731T000000,912000.0,4,3.75,1980,4095,2.0,0,0,3,9,1980,0,2009,0,98103,47.6901,-122.356,1480,3840,1
993000090,20150414T000000,752000.0,6,3.75,3810,6663,2.0,0,0,4,8,3810,0,1977,0,98103,47.6938,-122.34,1610,4561,1
6046401105,20150423T000000,450000.0,2,1.5,1450,2550,1.0,0,0,3,7,820,630,1984,0,98103,47.6911,-122.348,1450,5100,0
4083304190,20140804T000000,680000.0,1,2.5,1820,3008,2.0,0,0,3,7,1090,730,1910,2004,98103,47.6529,-122.339,1860,3420,0
3362400615,20140820T000000,400000.0,3,1.0,1350,3090,1.5,0,0,5,6,1350,0,1914,0,98103,47.682,-122.348,1350,3090,0
993001332,20140903T000000,407000.0,3,2.25,1430,1448,3.0,0,0,3,8,1430,0,2005,0,98103,47.6916,-122.341,1430,1383,1
9136102680,20140923T000000,626500.0,3,1.75,1610,3210,1.0,0,0,5,7,910,700,1928,0,98103,47.6656,-122.335,1420,3210,0
9521101015,20140626T000000,725000.0,6,3.0,3110,5000,1.5,0,0,5,7,1810,1300,1921,0,98103,47.6631,-122.348,1600,4000,0
4083302370,20150313T000000,775000.0,5,1.0,1860,3040,1.5,0,0,3,7,1530,330,1921,0,98103,47.6559,-122.339,1910,3600,0
3362401295,20150330T000000,630000.0,2,1.75,1260,5300,1.0,0,0,4,7,840,420,1951,0,98103,47.6809,-122.348,1280,3000,0
3912000020,20150430T000000,745000.0,3,2.0,2290,5001,1.0,0,0,4,7,1490,800,1960,0,98103,47.6909,-122.339,1230,5001,0
1930300190,20140714T000000,716100.0,3,1.0,1640,4000,1.5,0,0,5,7,1640,0,1909,0,98103,47.6563,-122.351,2140,4000,0
3856901435,20141027T000000,720000.0,4,2.0,1760,4500,1.5,0,0,5,7,1760,0,1906,0,98103,47.6711,-122.331,1740,4220,0
3226049478,20140725T000000,430000.0,4,1.0,1350,9000,1.5,0,0,4,7,1350,0,1964,0,98103,47.6953,-122.332,1940,8000,0
1972200660,20150415T000000,465000.0,2,1.5,1120,1201,3.0,0,0,3,8,1120,0,1999,0,98103,47.6524,-122.353,1370,1298,1
9136101271,20150416T000000,599000.0,4,1.0,1590,4280,1.5,0,0,3,7,1590,0,1924,0,98103,47.667,-122.335,2230,4280,0
6430500010,20140620T000000,547000.0,5,2.5,2200,4080,1.5,0,0,5,7,1420,780,1916,0,98103,47.6872,-122.35,1300,4080,0
3362401815,20140930T000000,764000.0,3,2.0,1420,4080,1.5,0,0,5,8,1420,0,1904,0,98103,47.6801,-122.348,1220,3060,1
6430000280,20141216T000000,453000.0,4,2.0,1880,5100,1.0,0,0,3,8,1880,0,1952,0,98103,47.6872,-122.349,1610,4590,1
8021700715,20140514T000000,702500.0,3,1.5,2360,6750,2.0,0,0,5,7,1930,430,1926,0,98103,47.6923,-122.332,1320,4500,0
8129700255,20150213T000000,798750.0,2,2.25,2160,2578,3.0,0,0,3,8,2160,0,2005,0,98103,47.6607,-122.354,1800,2142,1
3362401611,20150325T000000,1165000.0,4,3.75,3920,4500,3.0,0,0,3,8,3920,0,2013,0,98103,47.6805,-122.346,2040,3000,1
7821200307,20150217T000000,515000.0,2,1.0,970,3300,1.0,0,0,4,7,970,0,1916,0,98103,47.6609,-122.343,1060,3600,0
1972202005,20140521T000000,475000.0,4,2.0,1790,2250,1.0,0,2,4,7,840,950,1909,0,98103,47.6526,-122.345,1440,1545,0
6430500293,20141112T000000,395000.0,2,1.5,1010,3060,1.0,0,0,4,7,1010,0,1918,0,98103,47.6897,-122.354,1160,4080,0
3797000680,20141125T000000,549000.0,3,2.0,1340,3000,2.0,0,0,5,7,1340,0,1905,0,98103,47.6857,-122.349,1120,3000,0
510002995,20150407T000000,832600.0,4,1.0,1640,4200,1.5,0,0,3,7,1640,0,1925,0,98103,47.6601,-122.332,1730,3990,0
9551201585,20140701T000000,1297000.0,6,2.75,2630,9420,2.0,0,0,5,9,2510,120,1900,0,98103,47.6695,-122.337,1540,4969,1
3363900280,20150311T000000,678500.0,3,2.75,1210,3600,1.5,0,2,5,7,1210,0,1910,0,98103,47.6798,-122.354,1630,3910,0
3797001815,20150217T000000,532500.0,2,1.0,820,3000,1.0,0,0,4,7,820,0,1924,0,98103,47.6842,-122.348,1490,3000,0
3856900507,20140512T000000,1315000.0,4,3.5,3460,3997,2.0,0,0,3,10,2560,900,2004,0,98103,47.6718,-122.329,1860,4000,1
9136100420,20150408T000000,767500.0,4,2.0,2350,4815,1.5,0,0,4,7,1450,900,1914,0,98103,47.6681,-122.338,1640,4013,0
9232900050,20140806T000000,300000.0,2,1.75,2120,6350,1.0,0,0,4,6,1440,680,1924,0,98103,47.6974,-122.356,1590,6350,0
2264500425,20140620T000000,640000.0,2,1.75,1760,4400,1.0,0,0,4,7,880,880,1930,0,98103,47.65,-122.34,1330,4180,0
4083802195,20150319T000000,578888.0,2,2.0,1060,4000,1.0,0,0,2,7,1000,60,1914,0,98103,47.6626,-122.337,1310,4000,0
9521100280,20140612T000000,480000.0,3,2.5,1250,1103,3.0,0,2,3,8,1250,0,2005,0,98103,47.6619,-122.352,1250,1188,1
9178601630,20141113T000000,720000.0,2,1.0,1580,2199,2.0,0,2,3,8,1580,0,1921,1995,98103,47.6541,-122.329,2170,4405,1
4083306345,20150504T000000,1000000.0,4,1.5,2100,4560,1.5,0,0,4,8,2100,0,1912,0,98103,47.6497,-122.336,1930,4560,1
1923300170,20150109T000000,629000.0,5,2.0,2050,3000,1.5,0,0,3,7,1470,580,1912,1984,98103,47.6864,-122.352,1560,4500,0
2877100235,20141222T000000,650000.0,5,2.0,2400,3500,1.5,0,0,3,8,1900,500,1911,0,98103,47.6762,-122.356,1520,4000,1
263000050,20141031T000000,730000.0,3,2.5,2160,8809,1.0,0,0,3,9,1540,620,2014,0,98103,47.6994,-122.349,930,5420,1
8032700010,20140716T000000,665000.0,3,2.5,1730,3000,2.0,0,0,3,8,1730,0,1996,0,98103,47.6532,-122.34,1730,1774,1
263000280,20141202T000000,450000.0,3,2.0,1150,4500,1.5,0,0,3,7,1150,0,1917,1991,98103,47.6985,-122.348,1230,5400,0
5540800130,20150318T000000,447500.0,2,1.0,1180,5100,1.5,0,0,3,7,1180,0,1926,0,98103,47.6947,-122.346,980,5100,0
9551202130,20140714T000000,980000.0,5,2.5,2750,6000,1.5,0,0,3,8,1750,1000,1904,1994,98103,47.6729,-122.334,1520,4158,1
1324300091,20140528T000000,370000.0,3,1.0,800,2296,1.0,0,0,4,6,800,0,1908,0,98103,47.6546,-122.356,1480,1472,0
1972201856,20140507T000000,526000.0,2,2.0,1550,2400,1.5,0,0,4,7,1550,0,1900,0,98103,47.654,-122.346,1180,1224,0
4083304835,20141023T000000,620000.0,2,1.0,990,4332,1.0,0,0,3,7,990,0,1909,0,98103,47.6528,-122.331,1920,3420,0
9523103000,20141020T000000,780000.0,3,1.75,2430,4524,1.5,0,0,4,7,1830,600,1924,0,98103,47.674,-122.35,1610,4100,0
9551201660,20140613T000000,1030000.0,4,2.5,2750,4800,2.0,0,0,3,9,1960,790,1905,2005,98103,47.6709,-122.337,2400,5300,1
6815100095,20141223T000000,510000.0,2,1.0,1310,4000,1.0,0,0,3,6,1310,0,1913,0,98103,47.6854,-122.329,1550,4000,0
6430500233,20150416T000000,650000.0,3,2.0,1840,3075,1.0,0,0,5,7,920,920,1928,0,98103,47.6894,-122.35,1480,3774,0
6813600380,20141224T000000,700000.0,3,3.0,2090,7440,1.5,0,0,5,7,1290,800,1922,0,98103,47.6891,-122.331,1570,4960,0
9136102057,20140905T000000,650000.0,4,2.5,2160,3139,1.0,0,0,3,7,1080,1080,1940,0,98103,47.6662,-122.338,1650,3740,0
9178601660,20150514T000000,1695000.0,5,3.0,3320,5354,2.0,0,0,3,9,3320,0,2004,0,98103,47.6542,-122.331,2330,4040,1
9524100050,20141222T000000,360000.0,3,1.75,1255,1113,3.0,0,0,3,8,1255,0,2010,0,98103,47.6958,-122.343,1010,1038,1
9550200225,20140711T000000,625000.0,3,1.5,1230,3060,1.0,0,0,3,7,910,320,1927,0,98103,47.667,-122.333,1260,4488,0
3363400655,20140724T000000,549000.0,2,2.0,1980,6000,1.5,0,0,5,7,1220,760,1906,0,98103,47.6809,-122.351,1280,3900,0
5694000768,20140922T000000,550000.0,3,2.25,1700,1481,3.0,0,0,3,8,1700,0,2002,0,98103,47.6598,-122.349,1560,1350,1
6431500280,20150323T000000,393000.0,2,1.0,830,5000,1.0,0,0,4,7,830,0,1921,0,98103,47.6914,-122.352,1110,5000,0
1931300425,20140908T000000,539000.0,3,2.5,2170,3200,1.5,0,0,5,7,1280,890,1923,0,98103,47.6543,-122.347,1180,1224,0
9482700080,20141013T000000,575575.0,3,1.75,1516,2897,1.0,0,0,3,7,998,518,1925,0,98103,47.6842,-122.341,2100,3854,0
3126049439,20150109T000000,313000.0,2,1.5,870,747,2.0,0,0,3,8,800,70,2004,0,98103,47.6967,-122.342,1710,1280,1
993000950,20140906T000000,320000.0,2,1.5,1110,1200,3.0,0,0,3,8,1110,0,2000,0,98103,47.6931,-122.342,1110,1363,1
9523102580,20140523T000000,599000.0,3,2.75,1960,2500,1.5,0,0,5,7,1410,550,1926,0,98103,47.6744,-122.353,2040,5000,0
993001330,20140505T000000,406100.0,3,2.25,1410,1332,3.0,0,0,3,8,1410,0,2005,0,98103,47.6916,-122.34,1430,1448,1
2708100130,20150503T000000,550000.0,2,1.0,1070,3000,1.0,0,0,4,7,870,200,1926,0,98103,47.6828,-122.353,1890,3300,0
263000359,20140630T000000,355000.0,3,2.25,1370,1524,3.0,0,0,3,8,1370,0,2005,0,98103,47.6982,-122.347,1370,1418,1
4083306720,20140915T000000,560000.0,4,1.5,1790,3420,1.0,0,0,4,7,1020,770,1923,0,98103,47.6489,-122.337,1680,3420,0
6865200095,20141024T000000,725000.0,3,2.0,2110,5800,1.5,0,0,4,7,1990,120,1927,0,98103,47.6645,-122.342,1620,4300,0
9523102750,20140812T000000,870000.0,3,1.5,2420,5000,2.0,0,0,4,8,2200,220,1925,0,98103,47.6744,-122.353,2070,5000,1
9521100585,20140613T000000,499950.0,3,1.0,1830,3000,1.5,0,0,3,7,1430,400,1926,0,98103,47.6619,-122.351,1510,2500,0
5694001061,20140620T000000,587206.0,3,3.5,1890,1710,2.0,0,0,3,8,1640,250,1999,0,98103,47.6592,-122.349,1680,1562,1
6813600415,20140508T000000,515000.0,2,1.0,1060,4960,1.0,0,0,3,7,1060,0,1926,0,98103,47.6896,-122.331,1420,4960,0
7834800225,20140820T000000,875000.0,3,2.0,2010,4000,1.0,0,0,5,7,1210,800,1915,0,98103,47.6638,-122.329,1770,4000,0
4310700020,20141010T000000,280000.0,3,1.0,1100,5132,1.0,0,0,3,6,840,260,1948,0,98103,47.7011,-122.336,1280,5132,0
993000873,20150318T000000,380500.0,3,2.0,1270,1348,3.0,0,0,3,8,1270,0,2003,0,98103,47.6929,-122.342,1180,1360,1
4083800555,20150326T000000,550000.0,2,1.0,980,3080,1.5,0,0,3,7,980,0,1910,1946,98103,47.6646,-122.339,1450,3333,0
625049313,20140902T000000,460000.0,3,1.0,1140,4600,1.0,0,0,3,7,1140,0,1942,0,98103,47.6897,-122.337,1370,5000,0
6749700031,20140609T000000,345000.0,3,2.5,1210,1420,3.0,0,0,3,8,1210,0,2008,0,98103,47.6977,-122.349,1190,1407,1
2883201055,20140910T000000,875000.0,4,1.0,1670,4600,1.5,0,0,5,8,1670,0,1906,0,98103,47.6838,-122.332,1820,4600,1
1529300115,20140602T000000,455000.0,2,1.0,1170,6000,1.0,0,0,4,7,970,200,1941,0,98103,47.6994,-122.354,2130,6002,0
9129100040,20140825T000000,1000000.0,4,3.25,3320,8587,3.0,0,0,3,11,2950,370,2008,0,98103,47.691,-122.337,1860,5668,1
9522100485,20140515T000000,585000.0,5,1.75,2000,3750,2.0,0,0,4,7,2000,0,1921,0,98103,47.6618,-122.355,1520,3750,0
1931300035,20140516T000000,785000.0,3,2.0,2180,5440,1.0,0,0,5,7,1100,1080,1904,0,98103,47.657,-122.345,1470,4109,0
4310700665,20150305T000000,450000.0,4,3.0,2200,4466,2.0,0,0,3,7,2200,0,1968,0,98103,47.7005,-122.339,1780,2250,0
510001280,20140714T000000,980000.0,4,2.0,2190,4560,2.5,0,0,5,8,2190,0,1910,0,98103,47.662,-122.329,2190,4560,1
6749700110,20141029T000000,342000.0,3,3.0,1260,1634,3.0,0,0,3,8,1260,0,1998,0,98103,47.697,-122.349,1260,1135,1
9522100375,20140715T000000,775000.0,5,1.5,1720,5000,1.5,0,0,3,8,1720,0,1915,0,98103,47.6627,-122.355,1720,5000,1
6430500291,20150212T000000,565000.0,3,1.0,1260,4080,1.5,0,0,4,7,1260,0,1928,0,98103,47.6893,-122.354,1130,3876,0
510002506,20140825T000000,459500.0,2,1.5,1170,1079,3.0,0,0,3,7,1170,0,2003,0,98103,47.6607,-122.333,1170,1116,0
1257202215,20140714T000000,810000.0,4,1.75,1760,4080,1.5,0,0,4,8,1760,0,1906,0,98103,47.675,-122.331,1760,6120,1
6046400755,20150511T000000,475000.0,5,1.75,2020,5100,1.5,0,0,5,7,1320,700,1911,0,98103,47.6915,-122.345,1130,5100,0
4310701577,20140509T000000,382000.0,3,3.25,1410,1253,3.0,0,0,3,8,1410,0,2005,0,98103,47.6981,-122.34,1410,1253,1
1972201965,20140624T000000,510000.0,3,2.25,1420,1309,3.0,0,0,3,8,1420,0,2006,0,98103,47.6534,-122.346,1500,1282,1
263000329,20141008T000000,349950.0,3,2.5,1420,1162,3.0,0,0,3,8,1420,0,2002,0,98103,47.6982,-122.349,1430,1560,1
263000040,20141001T000000,452000.0,3,2.5,1530,5032,2.0,0,0,3,7,1530,0,1998,0,98103,47.6985,-122.349,1450,2136,0
1994200375,20141203T000000,601150.0,2,2.0,1660,5200,1.0,0,0,5,7,1120,540,1906,0,98103,47.6871,-122.334,1260,5160,0
9521100880,20140916T000000,588000.0,3,1.5,1780,4200,1.5,0,0,4,8,1780,0,1916,0,98103,47.662,-122.349,1380,3333,1
3797000745,20150209T000000,500000.0,3,1.0,1370,3500,1.5,0,0,3,7,1370,0,1905,1985,98103,47.6857,-122.348,1590,4500,0
9178600360,20140604T000000,760500.0,3,2.0,1990,3990,1.0,0,0,5,7,1130,860,1912,0,98103,47.6572,-122.333,1710,4000,0
3363900155,20141209T000000,470000.0,2,1.0,1220,4000,1.5,0,0,4,6,1220,0,1908,0,98103,47.6801,-122.354,1580,4000,0
2306400040,20150416T000000,604000.0,3,2.0,1560,2589,1.0,0,0,3,7,790,770,1923,2001,98103,47.6587,-122.344,1450,3893,0
4310701565,20140916T000000,425000.0,3,3.25,1410,1350,3.0,0,0,3,8,1410,0,2005,0,98103,47.698,-122.34,1410,1253,1
917000300,20140520T000000,452000.0,4,1.0,1210,3760,1.5,0,0,3,6,1210,0,1900,0,98103,47.6872,-122.344,1540,3800,0
6430500008,20150302T000000,428750.0,3,1.0,1100,4080,1.0,0,0,4,7,900,200,1929,0,98103,47.6872,-122.351,1170,4080,0
2883200961,20140605T000000,700000.0,3,1.75,1910,4800,1.0,0,0,3,7,1080,830,1959,0,98103,47.6844,-122.332,1750,4800,0
625049274,20150303T000000,720000.0,3,2.0,1590,5200,1.0,0,0,3,7,1320,270,1939,0,98103,47.6864,-122.341,1620,5150,0
8021700495,20140722T000000,503045.0,3,3.0,1560,2250,2.0,0,0,3,9,1560,0,2009,0,98103,47.6929,-122.333,1610,4500,1
9468200100,20140710T000000,569950.0,4,1.0,1140,5940,1.0,0,2,3,7,1140,0,1916,0,98103,47.6795,-122.354,1630,4000,0
6431000015,20140530T000000,700000.0,4,2.5,2310,3570,1.5,0,0,3,7,1490,820,1927,2014,98103,47.6889,-122.347,1580,3060,0
4083301380,20141017T000000,842000.0,3,1.0,1620,4774,1.5,0,0,3,7,1620,0,1920,0,98103,47.659,-122.339,1880,4560,0
2402100205,20141119T000000,412133.0,2,1.0,920,4400,1.0,0,0,3,7,920,0,1948,0,98103,47.6903,-122.332,1560,4600,0
8129700644,20140703T000000,715000.0,3,4.0,2080,2250,3.0,0,4,3,8,2080,0,1997,0,98103,47.6598,-122.355,2080,2250,1
8129700644,20150424T000000,780000.0,3,4.0,2080,2250,3.0,0,4,3,8,2080,0,1997,0,98103,47.6598,-122.355,2080,2250,1
6046401030,20140528T000000,432500.0,3,1.75,1980,5100,1.0,0,0,3,7,1270,710,1965,0,98103,47.6911,-122.347,1400,5100,0
1257201095,20150323T000000,826000.0,2,1.0,1060,6120,1.0,0,0,3,7,1060,0,1908,0,98103,47.6739,-122.329,1730,4080,0
625049310,20150311T000000,587750.0,2,1.0,890,4730,1.0,0,0,3,7,890,0,1941,0,98103,47.6876,-122.341,1330,5904,0
4310701575,20140610T000000,429000.0,3,3.25,1410,1246,3.0,0,0,3,8,1410,0,2005,0,98103,47.6981,-122.34,1410,1253,1
1931300688,20150429T000000,533000.0,3,3.0,1280,1085,3.0,0,0,3,8,1280,0,2004,0,98103,47.6569,-122.346,1300,1310,1
4083302485,20150420T000000,913000.0,3,1.75,2170,4000,1.0,0,0,4,7,1110,1060,1925,0,98103,47.6546,-122.337,1890,4000,0
9287800375,20141030T000000,685000.0,3,2.0,2210,5000,1.5,0,2,3,7,1710,500,1909,0,98103,47.6754,-122.357,1920,5000,0
1257202430,20140617T000000,1008000.0,4,3.5,2650,3060,2.0,0,0,3,9,2060,590,2001,0,98103,47.6735,-122.332,1470,3060,1
4310702876,20141103T000000,398500.0,2,2.5,1780,1311,3.0,0,0,3,8,1350,430,2005,0,98103,47.6962,-122.34,1390,1227,1
1931300665,20141009T000000,850000.0,3,3.0,1910,4800,1.5,0,0,3,9,1910,0,1900,1991,98103,47.6572,-122.346,1280,1310,1
2919200665,20141103T000000,734000.0,3,1.75,2145,3840,1.5,0,0,5,8,2145,0,1910,0,98103,47.6875,-122.357,1140,3840,1
2919201385,20141113T000000,275000.0,2,1.0,680,4190,1.0,0,0,2,5,680,0,1906,0,98103,47.6901,-122.358,1070,4175,0
993000100,20150410T000000,760000.0,6,3.75,3810,6150,2.0,0,0,4,8,3810,0,1977,0,98103,47.694,-122.34,1830,5125,1
2917200085,20150408T000000,350000.0,2,1.0,1160,5395,1.0,0,0,3,7,860,300,1940,0,98103,47.7007,-122.354,1664,5363,0
7821200375,20150126T000000,432000.0,2,1.0,960,3235,1.0,0,0,4,7,960,0,1916,0,98103,47.661,-122.344,1290,2069,0
263000324,20140513T000000,550000.0,7,4.0,3440,8100,2.0,0,0,3,7,3440,0,1970,0,98103,47.6981,-122.349,1420,1560,0
3975400045,20141226T000000,920000.0,6,3.0,3300,4218,2.0,0,0,3,8,2200,1100,1970,0,98103,47.6557,-122.344,1420,4218,1
2883200875,20150206T000000,680200.0,2,1.5,1960,6000,1.0,0,0,3,8,1210,750,1951,0,98103,47.6849,-122.333,2060,6000,1
3797000400,20141125T000000,616500.0,4,2.25,1880,3000,2.0,0,0,3,8,1760,120,1909,1977,98103,47.6864,-122.349,1880,3000,1
6865200831,20140507T000000,475000.0,2,1.0,820,2723,1.0,0,0,3,7,820,0,1921,0,98103,47.6623,-122.339,1370,3850,0
91000320,20140923T000000,393000.0,2,1.0,980,3350,1.0,0,0,4,7,980,0,1925,0,98103,47.6858,-122.352,1260,4000,0
263000327,20150227T000000,400000.0,3,2.5,1460,1319,3.0,0,0,3,8,1460,0,2002,0,98103,47.698,-122.349,1430,1530,1
3975400260,20140902T000000,749500.0,4,2.75,2490,3840,1.5,0,0,4,7,1610,880,1922,0,98103,47.6551,-122.344,1420,4000,0
1923800135,20141001T000000,495000.0,3,1.75,2080,3000,1.0,0,0,4,7,1040,1040,1925,0,98103,47.6853,-122.35,1000,3193,0
9178600810,20141217T000000,578500.0,3,1.0,1490,5700,1.5,0,0,3,7,1490,0,1916,0,98103,47.6549,-122.331,2290,5700,0
1972202010,20140801T000000,435000.0,3,3.0,1440,1350,3.5,0,2,3,8,1440,0,2005,0,98103,47.6525,-122.345,1440,1350,1
1994200012,20150413T000000,580000.0,3,1.75,1850,2797,1.0,0,0,3,8,1150,700,1977,0,98103,47.6871,-122.336,1450,4599,1
6690500060,20140724T000000,530000.0,3,1.0,1370,4040,1.5,0,0,3,7,1370,0,1906,0,98103,47.6867,-122.354,1220,3030,0
4083300510,20140505T000000,657100.0,4,1.0,1390,4240,1.0,0,0,3,7,1050,340,1924,0,98103,47.6596,-122.338,1810,4240,0
1972200751,20140519T000000,485000.0,2,2.25,1260,1240,3.0,0,0,3,8,1260,0,2004,0,98103,47.6531,-122.352,1330,1300,1
510003230,20140810T000000,720001.0,3,2.5,1430,2200,1.5,0,0,4,7,1430,0,1910,0,98103,47.6601,-122.331,1740,4275,0
5694500200,20140813T000000,829000.0,4,3.0,3310,4500,2.5,0,0,5,9,2910,400,1900,0,98103,47.6594,-122.345,1440,3750,1
1529300135,20141014T000000,338000.0,2,1.0,750,6439,1.0,0,0,4,6,750,0,1934,0,98103,47.6995,-122.354,1470,6374,0
1172000135,20140731T000000,446000.0,4,2.0,1940,6350,1.0,0,0,4,7,970,970,1951,0,98103,47.6948,-122.357,960,6350,0
8129700565,20141008T000000,601450.0,2,3.25,1840,1500,3.0,0,0,3,8,1840,0,2001,0,98103,47.6595,-122.354,1910,2500,1
1814800060,20150220T000000,965000.0,4,3.5,3290,5559,1.5,0,0,3,8,2290,1000,1906,2004,98103,47.6788,-122.346,1790,6000,1
3362401000,20140701T000000,695000.0,3,2.0,2500,4080,1.5,0,0,5,7,1680,820,1922,0,98103,47.6813,-122.346,1550,3060,0
789000520,20140715T000000,402500.0,3,1.75,1480,2211,2.0,0,0,3,7,1480,0,1995,0,98103,47.6966,-122.35,1480,2197,0
2886200070,20140602T000000,550000.0,3,2.0,1810,4064,1.5,0,0,3,7,1810,0,1925,0,98103,47.6859,-122.339,1518,2945,0
8032700070,20141118T000000,770000.0,3,2.25,1870,1900,3.0,0,0,3,8,1870,0,2008,0,98103,47.6537,-122.34,1690,1694,1
9530101670,20140623T000000,525000.0,2,1.0,1080,3500,1.0,0,3,3,7,1080,0,1924,0,98103,47.6667,-122.356,1790,4000,0
9521100465,20141013T000000,645000.0,2,1.0,1240,5000,1.0,0,0,3,7,1000,240,1920,0,98103,47.6634,-122.351,1480,3500,0
4083302625,20150324T000000,738000.0,3,1.0,1280,3900,1.0,0,0,4,7,1280,0,1921,0,98103,47.6545,-122.336,2020,4560,0
1972200696,20141006T000000,521000.0,3,3.25,1460,1254,3.0,0,0,3,8,1460,0,2000,0,98103,47.6535,-122.353,1400,1255,1
993002127,20150223T000000,436000.0,3,2.25,1480,1384,3.0,0,0,3,8,1480,0,2008,0,98103,47.691,-122.342,1310,1329,1
91000135,20150507T000000,750000.0,4,1.5,2060,4000,1.5,0,2,3,7,1580,480,1920,1990,98103,47.6857,-122.353,1160,4000,0
510002010,20140630T000000,875000.0,4,1.5,1800,3245,1.5,0,0,4,8,1800,0,1929,0,98103,47.6605,-122.331,1800,4275,1
3626039250,20150428T000000,283000.0,2,1.0,940,6350,1.0,0,0,4,5,940,0,1942,0,98103,47.698,-122.357,1490,6350,0
6046400465,20141028T000000,397500.0,3,1.0,1480,5100,1.5,0,0,3,7,1480,0,1938,1959,98103,47.6915,-122.348,1300,5100,0
4459800075,20140603T000000,710000.0,3,2.0,2140,4923,1.0,0,0,4,8,1070,1070,1928,0,98103,47.6902,-122.339,1470,4923,1
6815100370,20141030T000000,845000.0,4,3.0,2390,4000,1.5,0,0,5,8,1460,930,1931,0,98103,47.6857,-122.331,1670,4000,1
9287800135,20140714T000000,1105000.0,5,3.25,3070,5000,2.0,0,0,3,9,2050,1020,2006,0,98103,47.6742,-122.356,2070,5000,1
3047700045,20140717T000000,525000.0,3,2.25,2110,2850,3.0,0,0,3,8,2110,0,2001,0,98103,47.6915,-122.339,1340,5001,1
1997200060,20140908T000000,270000.0,1,1.0,720,5196,1.0,0,0,3,7,720,0,1911,0,98103,47.6928,-122.337,1580,5762,0
6430500238,20141216T000000,651500.0,4,1.5,1500,3075,2.0,0,0,5,7,1420,80,1929,0,98103,47.6893,-122.35,1480,3774,0
4083306620,20140728T000000,565000.0,3,1.75,1720,2218,1.5,0,0,3,7,1270,450,1931,2003,98103,47.649,-122.335,1130,1600,0
5694501195,20150511T000000,438600.0,1,1.0,720,2500,1.0,0,0,3,7,720,0,1910,0,98103,47.6597,-122.345,1520,3750,0
6430000070,20141027T000000,355000.0,3,0.75,1420,3060,1.0,0,0,4,7,860,560,1923,0,98103,47.6872,-122.346,1350,4000,0
4083305085,20140520T000000,1125000.0,6,3.0,2880,3192,2.0,0,0,4,8,2180,700,1919,0,98103,47.6506,-122.332,1870,4533,1
1972202505,20140729T000000,543000.0,3,2.5,1540,1256,3.0,0,0,3,8,1540,0,2004,0,98103,47.6498,-122.346,1500,1350,1
1923300135,20150310T000000,365000.0,3,1.75,1820,5555,1.0,0,0,4,7,1030,790,1939,0,98103,47.6867,-122.352,1420,4000,0
6431000196,20140604T000000,519000.0,2,1.0,830,2820,1.0,0,0,4,7,830,0,1920,0,98103,47.689,-122.347,1460,3150,0
1972201550,20140716T000000,565000.0,4,1.0,1540,2452,1.5,0,0,4,7,1540,0,1906,0,98103,47.6522,-122.348,1290,3360,0
4083304355,20150318T000000,675000.0,4,1.75,1530,3615,1.5,0,0,4,7,1530,0,1913,0,98103,47.6529,-122.334,1650,4200,0
1994200260,20140819T000000,869900.0,6,4.5,2750,4400,2.0,0,0,3,8,1770,980,1987,0,98103,47.6883,-122.335,1860,4400,1
9550200370,20140520T000000,700000.0,4,1.0,1680,4021,1.5,0,0,3,7,1680,0,1921,0,98103,47.6663,-122.332,1710,4021,0
9266700295,20141024T000000,397000.0,3,1.75,1340,5100,1.0,0,0,3,7,1340,0,1953,0,98103,47.694,-122.348,1550,5100,0
4083300070,20140512T000000,870300.0,4,2.5,2350,3150,1.5,0,0,4,8,1690,660,1910,0,98103,47.6605,-122.335,1750,3150,1
1931300955,20141126T000000,525000.0,1,1.0,830,3200,1.0,0,0,3,7,830,0,1924,0,98103,47.6557,-122.348,1350,2512,0
9445300045,20140609T000000,831000.0,4,2.5,2030,3905,1.5,0,0,4,7,1630,400,1926,0,98103,47.6547,-122.34,2000,3905,0
9530101535,20150327T000000,680000.0,3,1.75,1870,4320,1.0,0,0,4,7,970,900,1920,0,98103,47.6663,-122.357,1810,3900,0
9523102447,20141117T000000,688500.0,3,1.75,1760,4125,1.5,0,3,4,7,1760,0,1927,0,98103,47.6748,-122.352,1760,4000,0
9232900075,20141021T000000,314963.0,2,1.0,890,6350,1.0,0,0,3,6,890,0,1943,0,98103,47.6975,-122.357,1490,6350,0
8021700030,20140604T000000,371000.0,3,1.5,1420,4500,1.0,0,0,3,7,1420,0,1959,0,98103,47.694,-122.332,1540,6375,0
9523100550,20141003T000000,857500.0,3,1.5,2040,3960,2.0,0,2,5,8,2040,0,1928,0,98103,47.6658,-122.355,1540,3400,1
4310702440,20141014T000000,355000.0,3,2.0,1480,2502,2.0,0,0,3,7,1480,0,1991,0,98103,47.6969,-122.338,1850,5000,0
6749700117,20150423T000000,350000.0,3,2.25,1190,1022,3.0,0,0,3,8,1190,0,1998,0,98103,47.6972,-122.349,1210,1171,1
1257201375,20141202T000000,550000.0,3,2.0,1650,3952,2.0,0,0,3,7,1650,0,1950,0,98103,47.6727,-122.33,1210,4560,0
9523102420,20140922T000000,535000.0,1,1.0,920,5000,1.0,0,3,4,7,920,0,1906,0,98103,47.6748,-122.352,1890,5000,0
9551200270,20140825T000000,1000000.0,5,3.0,3350,9450,2.0,0,0,5,8,2180,1170,1912,1980,98103,47.6705,-122.34,2660,4500,1
9482700075,20150112T000000,800000.0,4,3.5,2370,3302,2.0,0,0,3,8,1610,760,1926,2014,98103,47.684,-122.341,2170,3800,1
9468200163,20140709T000000,680000.0,3,2.0,1780,5720,1.0,0,0,5,7,980,800,1925,0,98103,47.6794,-122.351,1620,5050,0
993001342,20140808T000000,397500.0,3,2.25,1430,1383,3.0,0,0,3,8,1430,0,2005,0,98103,47.6917,-122.341,1430,1347,1
1172000150,20140829T000000,238000.0,1,1.0,530,6350,1.0,0,0,5,5,530,0,1941,0,98103,47.6946,-122.357,1200,6350,0
4083801395,20140724T000000,780000.0,3,2.75,1970,2600,2.5,0,0,3,8,1970,0,1924,1994,98103,47.663,-122.335,1680,3120,1
9136103026,20150305T000000,539000.0,3,1.75,1380,3225,1.0,0,0,4,7,940,440,1915,0,98103,47.6652,-122.338,1250,3750,0
3126049107,20150503T000000,577500.0,2,1.0,1640,5515,1.0,0,0,4,7,940,700,1926,0,98103,47.6912,-122.334,2054,5515,0
263000325,20140611T000000,349000.0,3,2.5,1430,1002,3.0,0,0,3,8,1430,0,2002,0,98103,47.698,-122.349,1430,1530,1
3626039279,20140805T000000,395000.0,2,1.0,960,6700,1.0,0,0,3,7,960,0,1951,0,98103,47.6955,-122.357,1350,6700,0
3126049261,20150316T000000,259250.0,3,1.0,940,5904,1.0,0,0,3,6,940,0,1947,0,98103,47.699,-122.35,870,5728,0
9521101065,20150323T000000,580000.0,2,1.5,1220,5000,1.0,0,2,4,7,1220,0,1938,0,98103,47.6624,-122.348,2090,3850,0
3362401935,20140619T000000,549000.0,4,1.75,1290,3060,2.0,0,0,4,7,1290,0,1906,0,98103,47.6798,-122.348,1510,4080,0
2331300395,20140510T000000,875000.0,4,2.0,2520,6000,1.0,0,0,3,8,1400,1120,1921,2007,98103,47.6767,-122.35,1580,3720,1
9266701115,20140808T000000,488000.0,2,1.5,1000,5125,1.0,0,0,3,7,1000,0,1942,1968,98103,47.6926,-122.347,1090,5100,0
9521101520,20141212T000000,543000.0,2,1.0,940,3864,1.0,0,0,4,8,940,0,1918,0,98103,47.6631,-122.345,1440,3956,1
2877104196,20141206T000000,760000.0,3,2.0,1780,1750,1.0,0,2,3,8,1400,380,1927,2014,98103,47.6797,-122.357,1780,3750,1
993002247,20140716T000000,430000.0,3,2.25,1550,1469,3.0,0,0,3,8,1550,0,2004,0,98103,47.6911,-122.341,1520,1465,1
7517500610,20150304T000000,781000.0,3,2.5,1920,1896,3.0,0,3,3,8,1920,0,2000,0,98103,47.6616,-122.356,1670,2994,1
625049318,20140804T000000,605000.0,4,2.0,1820,7626,1.0,0,0,5,7,990,830,1941,0,98103,47.6878,-122.342,1390,5904,0
6813600365,20141009T000000,527950.0,4,1.75,1760,3600,1.0,0,0,5,7,880,880,1926,0,98103,47.6889,-122.33,1500,5580,0
3126049052,20150318T000000,551000.0,4,1.75,2040,6348,1.0,0,0,3,7,1020,1020,1962,0,98103,47.6964,-122.336,1770,5047,0
1257201010,20150504T000000,698000.0,2,1.0,1510,4080,1.0,0,0,3,7,1010,500,1923,0,98103,47.6742,-122.329,1660,4080,0
9482700455,20141021T000000,696500.0,4,2.75,2540,4400,1.5,0,0,5,7,1630,910,1925,0,98103,47.6832,-122.343,1560,3920,0
3797000205,20140924T000000,444000.0,3,2.0,1460,2610,2.0,0,0,3,8,1460,0,1987,0,98103,47.6864,-122.345,1320,3000,1
3126049154,20140925T000000,570000.0,3,3.0,2400,3192,2.0,0,0,3,7,2400,0,1991,0,98103,47.6963,-122.348,1360,3192,0
1930301540,20150223T000000,390000.0,1,1.0,710,4000,1.0,0,0,4,6,610,100,1928,0,98103,47.6562,-122.354,1440,4500,0
3797002160,20140724T000000,409950.0,2,1.0,990,3000,1.0,0,0,4,6,990,0,1918,0,98103,47.6839,-122.345,1120,3000,0
9136103027,20140608T000000,445000.0,2,1.0,1440,3225,1.0,0,0,3,7,960,480,1915,0,98103,47.6653,-122.338,1160,3630,0
1931300815,20150326T000000,550000.0,2,1.0,980,4800,1.0,0,0,4,7,980,0,1910,0,98103,47.6569,-122.348,1570,2640,0
8129700085,20140924T000000,597000.0,4,2.5,2280,2432,2.0,0,0,5,8,1520,760,1921,0,98103,47.6605,-122.355,1690,2099,1
3797000330,20140623T000000,471001.0,3,1.75,1800,6000,1.0,0,0,5,7,900,900,1905,0,98103,47.6867,-122.349,1800,3000,0
9523100458,20140617T000000,549000.0,2,2.5,1380,953,3.0,0,0,3,9,1380,0,2006,0,98103,47.6654,-122.355,1430,3400,1
4083305870,20141001T000000,705000.0,2,2.0,1650,6840,1.5,0,0,5,7,1650,0,1916,0,98103,47.6512,-122.338,1700,4560,0
263000155,20140505T000000,418000.0,3,2.0,1410,6030,1.5,0,0,4,7,1410,0,1930,0,98103,47.6994,-122.347,1410,6300,0
8021701115,20140826T000000,549000.0,3,2.0,1560,5130,1.0,0,0,5,7,1150,410,1915,0,98103,47.6913,-122.333,1560,4500,0
1930300410,20150304T000000,575000.0,2,1.0,1250,4320,1.0,0,0,4,7,850,400,1911,0,98103,47.6549,-122.352,1520,4320,0
3797000145,20141015T000000,765000.0,4,2.75,2660,4500,1.5,0,0,5,8,1860,800,1909,0,98103,47.6864,-122.347,1830,4000,1
9525100040,20150407T000000,705000.0,4,3.25,2740,5339,2.5,0,0,3,9,2740,0,2004,0,98103,47.6706,-122.356,1770,4820,1
7517500085,20150425T000000,712500.0,3,1.75,1770,2800,1.5,0,0,3,7,1770,0,1914,0,98103,47.6631,-122.357,1630,3254,0
9266701085,20140603T000000,409950.0,2,1.75,1370,5125,1.0,0,0,5,6,1370,0,1944,0,98103,47.6926,-122.346,1200,5100,0
2877103615,20150511T000000,870000.0,4,1.75,2370,5000,1.5,0,2,3,8,1770,600,1919,0,98103,47.6779,-122.357,2100,4550,1
625049281,20140521T000000,535000.0,2,1.0,1030,4841,1.0,0,0,3,7,920,110,1939,0,98103,47.686,-122.341,1530,4944,0
9266700256,20141013T000000,470000.0,2,1.0,1190,5200,1.0,0,0,5,7,1190,0,1912,0,98103,47.6939,-122.348,1550,5100,0
9136103136,20150313T000000,580000.0,2,1.0,860,4013,1.0,0,0,3,7,860,0,1925,0,98103,47.6652,-122.338,1490,4013,0
510000641,20150130T000000,662500.0,3,2.0,2070,4200,1.5,0,0,4,7,1670,400,1906,0,98103,47.6624,-122.333,1490,4560,0
3362400472,20141202T000000,403000.0,2,1.0,720,3255,1.0,0,0,4,6,720,0,1905,0,98103,47.6823,-122.348,1430,3170,0
4083301120,20150422T000000,705000.0,3,1.0,1440,2618,1.5,0,0,4,7,1440,0,1906,0,98103,47.6582,-122.336,1850,3990,0
1931300175,20140702T000000,575000.0,4,2.0,1660,4800,1.5,0,0,3,7,1660,0,1922,0,98103,47.6556,-122.345,1660,4800,0
5693500760,20140707T000000,570000.0,3,1.0,1890,3330,1.5,0,0,4,7,1390,500,1901,0,98103,47.6597,-122.352,1530,3330,0
1529300410,20150224T000000,365000.0,2,1.0,870,5689,1.0,0,0,4,7,870,0,1948,0,98103,47.6988,-122.351,1100,5711,0
4083306705,20141121T000000,725000.0,4,2.5,2130,3420,1.5,0,0,4,7,1730,400,1916,0,98103,47.649,-122.336,1520,3420,0
2917200365,20140610T000000,445434.0,2,1.0,1470,7137,1.0,0,0,3,7,1020,450,1941,0,98103,47.7008,-122.352,1470,7067,0
1930300915,20140820T000000,525000.0,3,1.0,1240,4800,1.0,0,0,3,7,800,440,1951,0,98103,47.6563,-122.353,1440,4800,0
3797000035,20140521T000000,430000.0,3,1.0,1150,3000,1.0,0,0,5,6,1150,0,1906,0,98103,47.6867,-122.345,1460,3200,0
4083304700,20141125T000000,488000.0,3,1.0,1600,3200,1.5,0,0,3,7,1600,0,1909,0,98103,47.653,-122.331,1860,3420,0
1931300870,20140528T000000,355000.0,2,1.0,1270,3200,1.0,0,0,4,7,960,310,1920,0,98103,47.6565,-122.348,1410,1320,0
1930301325,20150423T000000,1025000.0,3,2.75,2780,4000,2.0,0,2,5,8,1960,820,1904,0,98103,47.6565,-122.355,1490,4800,1
9266700175,20150327T000000,415000.0,2,1.0,880,5100,1.0,0,0,4,7,880,0,1941,0,98103,47.694,-122.346,980,5100,0
4083300620,20150227T000000,930000.0,3,1.75,2460,4240,1.0,0,0,4,7,1230,1230,1925,0,98103,47.6593,-122.337,1700,4240,0
9550200155,20150407T000000,887200.0,3,1.0,1400,5100,1.5,0,0,3,7,1400,0,1900,0,98103,47.6677,-122.333,1740,3060,0
1257201530,20140513T000000,620000.0,3,1.0,1710,4050,1.5,0,0,3,7,1710,0,1909,0,98103,47.6732,-122.331,1790,4896,0
1972201960,20140825T000000,513000.0,3,2.25,1500,1312,3.0,0,0,3,8,1500,0,2007,0,98103,47.6534,-122.346,1500,1282,1
3626039268,20140516T000000,540000.0,1,1.0,1140,6700,1.5,0,0,3,7,1140,0,1920,0,98103,47.6958,-122.357,1350,6700,0
9551201155,20140728T000000,925000.0,3,3.25,2610,4500,1.5,0,0,4,9,1660,950,1909,0,98103,47.6701,-122.339,2110,4500,1
9530100225,20150409T000000,805000.0,4,2.0,1890,4500,1.5,0,0,3,7,1490,400,1907,1993,98103,47.6684,-122.356,1640,4010,0
1931300010,20150501T000000,562500.0,2,1.0,1170,2800,1.5,0,0,4,5,1170,0,1905,0,98103,47.6574,-122.345,1660,4996,0
3856903495,20140709T000000,759000.0,4,1.75,2100,4750,1.0,0,0,3,7,1340,760,1975,0,98103,47.6695,-122.333,1700,4125,0
4083300595,20141208T000000,650000.0,3,1.0,1430,4240,1.5,0,0,3,7,1430,0,1924,0,98103,47.6595,-122.337,1660,4240,0
1972202320,20150427T000000,380000.0,3,1.0,1220,3000,1.5,0,0,3,6,1220,0,1901,0,98103,47.6506,-122.346,1350,3000,0
510000050,20141203T000000,762000.0,3,1.75,2150,2527,2.0,0,0,4,8,1400,750,1906,0,98103,47.6629,-122.329,1610,3663,1
9550202140,20141117T000000,1311000.0,4,3.75,3490,5625,2.0,0,0,3,9,2610,880,2014,0,98103,47.6685,-122.332,1940,5000,1
2917200675,20150127T000000,340000.0,2,1.75,1500,4158,1.0,0,0,4,7,1220,280,1947,0,98103,47.7006,-122.35,1270,4081,0
4340610080,20140804T000000,269500.0,2,1.0,800,1200,2.0,0,0,3,7,800,0,1999,0,98103,47.6969,-122.347,806,1200,0
3126049415,20150407T000000,388000.0,3,1.75,1350,2325,3.0,0,0,3,7,1350,0,1999,0,98103,47.6965,-122.35,1520,1652,0
4083800345,20150427T000000,620000.0,4,2.25,1890,4300,1.5,0,0,3,7,1350,540,1918,0,98103,47.6649,-122.337,1830,3800,0
6431000005,20141123T000000,599995.0,3,1.0,1620,3000,1.5,0,0,5,7,1620,0,1928,0,98103,47.6888,-122.347,1420,3060,0
2402100675,20150210T000000,645000.0,3,3.75,2050,6000,2.0,0,0,5,7,1550,500,1910,0,98103,47.6873,-122.332,1780,4000,0
8021700725,20140904T000000,422500.0,3,2.0,1300,2250,2.0,0,0,3,7,1300,0,1988,0,98103,47.6923,-122.332,1300,4500,0
3797002575,20141010T000000,605000.0,4,1.5,1880,3500,1.0,0,0,4,7,1080,800,1926,0,98103,47.6835,-122.347,1690,3500,0
5693501100,20140731T000000,640000.0,3,3.0,1560,1466,3.0,0,0,3,8,1560,0,2006,0,98103,47.6604,-122.352,1530,2975,1
6758700050,20150401T000000,812000.0,3,2.0,1970,3420,2.0,0,3,5,8,1970,0,1913,0,98103,47.6762,-122.354,1770,3420,1
2402100895,20140625T000000,640000.0,33,1.75,1620,6000,1.0,0,0,5,7,1040,580,1947,0,98103,47.6878,-122.331,1330,4700,0
2306400010,20141017T000000,500000.0,2,1.0,1120,3220,1.0,0,0,4,7,1120,0,1923,0,98103,47.6588,-122.344,1440,3220,0
4310701330,20150309T000000,415000.0,3,1.5,1220,835,1.5,0,0,4,6,1220,0,1950,0,98103,47.6981,-122.341,1360,1251,0
9550200470,20141001T000000,690000.0,4,1.5,1970,4590,2.5,0,0,3,7,1970,0,1909,0,98103,47.666,-122.332,1900,4590,0
9550201495,20141003T000000,765000.0,3,1.75,2120,5000,2.0,0,0,3,7,1980,140,1920,2010,98103,47.6666,-122.331,2020,5000,0
3797001900,20140922T000000,360000.0,3,1.5,1360,6000,1.0,0,0,3,6,860,500,1911,0,98103,47.6846,-122.345,1560,3000,0
4083802425,20141010T000000,608000.0,3,1.5,2240,3750,1.0,0,0,3,7,1220,1020,1952,0,98103,47.6624,-122.336,1570,3400,0
1972201305,20140729T000000,500000.0,2,2.0,1250,3360,1.0,0,0,3,7,1250,0,1957,0,98103,47.6526,-122.349,1250,3360,0
455000190,20141006T000000,825000.0,3,1.75,2080,5000,2.0,0,0,5,8,2080,0,1906,0,98103,47.6717,-122.356,1820,5000,1
3975400190,20141104T000000,509000.0,4,2.0,1960,2166,1.5,0,0,4,7,1260,700,1926,0,98103,47.6545,-122.344,1670,4000,0
3797000290,20140612T000000,660000.0,3,3.0,2340,2970,2.0,0,0,5,8,2160,180,1925,0,98103,47.6868,-122.348,1370,4000,1
9521101315,20150501T000000,600000.0,3,1.0,1310,5000,1.5,0,0,3,7,1310,0,1906,0,98103,47.6624,-122.347,1530,4800,0
2508000020,20140819T000000,250000.0,2,1.0,750,6350,1.0,0,0,3,5,750,0,1920,0,98103,47.6938,-122.356,920,6350,0
4310703070,20150413T000000,650000.0,6,3.0,2960,5000,1.0,0,0,3,8,1790,1170,1968,0,98103,47.6971,-122.341,1280,1251,1
3226049530,20150122T000000,465000.0,5,3.0,2010,7264,1.0,0,0,3,7,1290,720,1990,0,98103,47.6945,-122.33,1510,7326,0
9482700440,20140506T000000,533000.0,5,2.75,1800,3780,1.5,0,0,3,7,1400,400,1926,0,98103,47.6831,-122.343,1400,3780,0
6430500086,20150116T000000,341000.0,3,1.0,940,4200,1.0,0,0,3,7,940,0,1955,0,98103,47.6878,-122.35,1380,4080,0
1972200725,20150407T000000,620000.0,3,2.5,1776,1248,3.0,0,0,3,8,1604,172,2006,0,98103,47.6539,-122.352,1780,1248,1
4083301950,20141120T000000,580000.0,2,1.0,1040,3200,1.0,0,0,3,7,1040,0,1926,0,98103,47.6558,-122.334,1890,4000,0
4452300130,20140522T000000,677000.0,3,2.0,2000,3207,1.0,0,0,4,7,1100,900,1916,0,98103,47.6561,-122.341,1460,3200,0
4310702759,20150312T000000,326000.0,2,1.5,1030,798,3.0,0,0,3,8,1030,0,2008,0,98103,47.6975,-122.34,1020,1026,1
9267200345,20140602T000000,342000.0,2,2.5,1175,1366,2.0,0,0,3,8,740,435,2005,0,98103,47.6962,-122.342,1710,1255,1
6813600440,20141022T000000,442000.0,2,1.75,860,5535,1.0,0,0,3,7,860,0,1948,0,98103,47.6901,-122.331,1420,4960,0
9521100795,20140623T000000,569000.0,4,2.0,1730,3884,1.0,0,0,5,7,1060,670,1924,0,98103,47.6624,-122.349,1360,3563,0
625049153,20140603T000000,605000.0,3,2.0,2060,4040,1.0,0,0,4,8,1120,940,1947,0,98103,47.6798,-122.352,1500,4000,1
9523102660,20140513T000000,560000.0,3,1.0,1440,5000,2.0,0,0,3,7,1440,0,1910,0,98103,47.6741,-122.354,1850,4500,0
6431500122,20150428T000000,520000.0,3,1.5,1580,8841,1.5,0,0,5,7,1180,400,1923,0,98103,47.6931,-122.352,1580,7512,0
9523102040,20140922T000000,440000.0,3,1.5,2260,5300,1.0,0,0,3,7,1200,1060,1940,0,98103,47.6756,-122.348,1950,5000,0
3975400185,20150513T000000,645000.0,3,2.0,1640,4218,1.0,0,0,4,7,910,730,1941,0,98103,47.6546,-122.344,1670,4000,0
3392900080,20140706T000000,625000.0,2,1.75,1990,4000,1.0,0,0,5,7,1090,900,1952,0,98103,47.6889,-122.342,1270,5700,0
2919201365,20140616T000000,650000.0,4,2.75,2610,4160,3.0,0,0,5,8,1910,700,1910,0,98103,47.6901,-122.357,1470,4140,1
6813600605,20150128T000000,1350000.0,4,4.5,3420,7440,3.0,0,0,3,9,3420,0,2014,0,98103,47.6875,-122.33,1360,5580,1
2513500010,20150504T000000,747000.0,2,1.0,990,4000,1.0,0,0,4,7,990,0,1911,0,98103,47.6589,-122.341,1560,4000,0
6430000275,20140506T000000,485000.0,3,2.0,1420,4080,1.5,0,0,3,7,1420,0,1905,2013,98103,47.6872,-122.349,1420,4590,0
4146800050,20141126T000000,563000.0,3,2.0,1580,5289,1.0,0,0,3,7,870,710,1940,0,98103,47.6881,-122.342,1310,5535,0
2402100715,20140726T000000,658500.0,2,1.0,1410,5101,1.5,0,0,3,8,1410,0,1927,0,98103,47.6872,-122.333,1410,4224,1
2331300415,20140620T000000,780000.0,3,2.25,2140,3000,2.0,0,0,3,9,2140,0,1905,2006,98103,47.6767,-122.351,1430,4712,1
6815100380,20150514T000000,855000.0,3,1.75,1900,4000,1.0,0,0,3,7,1300,600,1965,0,98103,47.6854,-122.331,1880,4000,0
480000170,20140627T000000,480000.0,2,1.0,1500,3420,1.0,0,0,3,7,1500,0,1902,0,98103,47.661,-122.338,2050,3420,0
1972200698,20140528T000000,474800.0,2,3.25,1400,1243,3.0,0,0,3,8,1400,0,2000,0,98103,47.6534,-122.353,1400,1335,1
6046401300,20140609T000000,428000.0,3,2.0,1310,2550,1.0,0,0,3,7,780,530,1986,0,98103,47.6911,-122.35,1460,5100,0
1923300315,20150217T000000,565000.0,2,1.75,1720,3000,1.0,0,0,5,7,860,860,1925,0,98103,47.686,-122.351,1360,4500,0
9523100026,20140723T000000,748000.0,4,2.5,3170,4979,2.0,0,0,4,7,2570,600,1925,0,98103,47.6655,-122.34,2060,5000,0
1532300155,20140916T000000,425000.0,4,1.0,1080,6095,1.5,0,0,4,6,1080,0,1924,0,98103,47.6962,-122.346,1200,5060,0
8129700985,20150427T000000,700000.0,3,1.75,1350,4000,1.5,0,0,4,7,1350,0,1925,0,98103,47.6581,-122.354,1880,4000,0
3626039229,20150317T000000,340000.0,2,1.0,700,5829,1.0,0,0,3,6,700,0,1945,0,98103,47.6958,-122.357,1160,6700,0
5511600315,20150218T000000,575000.0,2,1.5,1400,5810,2.0,0,0,3,7,1400,0,1940,0,98103,47.6843,-122.341,1470,3920,0
9266700845,20150429T000000,325000.0,2,1.0,830,5100,1.0,0,0,3,6,830,0,1941,0,98103,47.6932,-122.346,1050,5100,0
1931300850,20140527T000000,427000.0,2,1.0,920,3780,1.0,0,0,3,6,920,0,1910,0,98103,47.6576,-122.348,1570,2640,0
3856903515,20141222T000000,705000.0,3,2.0,1460,6250,1.5,0,0,4,7,1460,0,1912,0,98103,47.6693,-122.333,1690,4750,0
1646500365,20141121T000000,579000.0,3,1.75,1800,4429,2.0,0,0,4,7,1800,0,1906,0,98103,47.6842,-122.357,1310,4429,0
9528105305,20150121T000000,1375000.0,4,3.5,3130,4500,2.0,0,0,3,9,2060,1070,2014,0,98103,47.677,-122.33,1500,4500,1
2917200475,20150323T000000,430000.0,2,1.0,760,7114,1.0,0,0,3,6,760,0,1946,0,98103,47.7005,-122.352,780,7102,0
8032700175,20141027T000000,420000.0,4,1.0,1510,1501,1.5,0,0,3,7,1510,0,1906,0,98103,47.6526,-122.342,1560,1602,0
4083302915,20140917T000000,599950.0,2,1.0,1150,3775,1.0,0,0,3,7,1150,0,1917,0,98103,47.6539,-122.329,2240,3753,0
3975400085,20140624T000000,850000.0,4,3.0,3330,4000,1.0,0,0,3,8,1790,1540,1958,0,98103,47.6559,-122.344,1610,4000,1
4083305633,20140722T000000,615000.0,3,3.25,1470,1152,3.0,0,0,3,8,1470,0,2003,0,98103,47.6516,-122.337,1470,1506,1
1931300110,20140725T000000,700000.0,3,1.0,1570,4000,2.0,0,0,5,8,1570,0,1908,0,98103,47.6575,-122.346,1640,4000,1
4310700778,20150210T000000,539950.0,3,2.25,1860,1558,3.0,0,0,3,8,1860,0,2014,0,98103,47.7006,-122.339,1760,2456,1
9465200405,20140821T000000,412000.0,2,1.0,910,6282,1.0,0,0,4,7,910,0,1939,0,98103,47.6967,-122.354,970,6281,0
2883200760,20150209T000000,925000.0,3,2.5,2440,7419,1.0,0,0,3,7,1520,920,1961,0,98103,47.6857,-122.334,2440,4880,0
9550200650,20140506T000000,499000.0,2,1.75,1170,2400,1.0,0,0,4,7,740,430,1903,0,98103,47.6653,-122.333,1570,3919,0
4083303540,20150320T000000,791000.0,5,1.75,2344,4800,1.5,0,0,4,7,1544,800,1921,0,98103,47.6537,-122.335,1770,4200,0
6430500219,20140910T000000,415000.0,1,1.0,1230,3774,1.0,0,0,4,6,830,400,1924,0,98103,47.6886,-122.354,1300,3774,0
1930301015,20150428T000000,818000.0,3,3.25,2200,4800,2.0,0,2,3,7,1910,290,1943,1996,98103,47.6551,-122.353,1410,4800,0
510003085,20140623T000000,660000.0,3,3.25,1980,2850,3.0,0,0,3,7,1980,0,1987,0,98103,47.6597,-122.331,1630,4560,0
1994200040,20140613T000000,538000.0,3,1.0,1460,7200,1.0,0,0,3,7,1260,200,1906,0,98103,47.6875,-122.336,1430,4650,0
510001400,20140630T000000,765000.0,5,3.0,2870,5700,1.0,0,0,3,7,1950,920,1964,0,98103,47.6621,-122.33,1730,5529,0
2883200775,20141113T000000,799000.0,3,1.0,1510,4178,2.0,0,0,3,8,1510,0,1902,1979,98103,47.6849,-122.335,2140,4916,1
6430000945,20141204T000000,665000.0,2,2.0,1615,4590,1.5,0,0,5,8,1615,0,1906,0,98103,47.6886,-122.348,1470,4590,1
3126049517,20140508T000000,413450.0,3,2.5,1540,1614,3.0,0,0,3,8,1470,70,2008,0,98103,47.6961,-122.341,1540,1418,1
993002225,20140623T000000,405000.0,3,2.25,1520,1245,3.0,0,0,3,8,1520,0,2004,0,98103,47.6907,-122.34,1520,1470,1
3856900590,20140806T000000,640000.0,4,1.75,2100,3000,1.5,0,0,4,7,1500,600,1911,0,98103,47.6721,-122.329,1690,4000,0
3226049054,20141003T000000,526500.0,3,1.5,1310,7236,1.0,0,0,4,7,1170,140,1928,0,98103,47.6944,-122.333,1680,8431,0
1919800090,20141215T000000,625000.0,4,1.75,2410,6770,1.0,0,0,4,7,1220,1190,1924,0,98103,47.6946,-122.336,1440,6770,0
9523103590,20150316T000000,770000.0,4,1.0,1480,3750,1.5,0,0,4,7,1480,0,1912,0,98103,47.6737,-122.354,1570,3750,0
5694500386,20141020T000000,399950.0,2,2.25,1140,1184,2.0,0,0,3,8,1010,130,1999,0,98103,47.659,-122.346,1140,1339,1
9551202875,20140709T000000,900000.0,4,2.5,2230,4372,2.0,0,0,5,8,1540,690,1935,0,98103,47.6698,-122.334,2020,4372,1
1930301220,20150417T000000,575000.0,3,1.0,1530,2400,1.0,0,0,4,7,890,640,1928,0,98103,47.6543,-122.354,1240,2400,0
9523103990,20141208T000000,611000.0,3,1.0,1850,5000,1.5,0,0,3,7,1850,0,1922,0,98103,47.6727,-122.351,1850,5000,0
1972201161,20150323T000000,435000.0,1,1.0,670,1800,1.0,0,0,5,6,670,0,1905,0,98103,47.654,-122.35,1330,3360,0
6430500191,20141106T000000,315000.0,1,1.0,700,3876,1.0,0,0,3,6,700,0,1910,0,98103,47.6886,-122.352,1150,3952,0
6815100085,20141224T000000,1001000.0,4,2.0,3100,8000,1.5,0,0,5,7,2040,1060,1939,0,98103,47.6852,-122.329,1650,4000,0
9551201560,20140722T000000,760000.0,2,1.0,1410,3600,1.5,0,0,4,7,1310,100,1925,0,98103,47.6695,-122.338,1740,4200,0
1825049013,20150213T000000,560000.0,4,2.0,1380,4048,1.5,0,0,4,7,1380,0,1906,0,98103,47.6583,-122.344,1440,3956,0
9468200175,20141114T000000,635500.0,3,2.0,1660,3600,1.0,0,0,3,7,1000,660,1939,2006,98103,47.6789,-122.351,1700,4356,0
1324300018,20141121T000000,476000.0,2,2.25,1140,1332,3.0,0,0,3,8,1140,0,1999,0,98103,47.6543,-122.356,1140,1267,1
6865200981,20141221T000000,517000.0,2,1.0,1140,3750,1.0,0,0,4,7,1140,0,1925,0,98103,47.6619,-122.343,1660,4000,0
1972202023,20140904T000000,504500.0,3,2.5,1820,1545,3.0,0,2,3,8,1640,180,1998,0,98103,47.6523,-122.346,1440,1290,1
4083302225,20141014T000000,850000.0,4,3.0,2550,3784,1.5,0,0,4,8,1750,800,1900,0,98103,47.6559,-122.338,2100,4560,1
3362400650,20150116T000000,820000.0,4,2.75,2420,4635,1.5,0,0,5,7,2420,0,1905,0,98103,47.682,-122.347,1590,3150,0
9136100056,20140528T000000,875000.0,3,2.75,2280,4280,1.0,0,0,5,7,1280,1000,1917,0,98103,47.6685,-122.335,1650,4280,0
1972200325,20140919T000000,530000.0,2,2.25,1260,1312,3.0,0,0,3,8,1260,0,2007,0,98103,47.6538,-122.356,1300,1312,1
1972200382,20141121T000000,387000.0,2,1.5,1010,948,3.0,0,0,3,8,1010,0,1999,0,98103,47.6529,-122.355,1330,1318,1
6431000206,20140508T000000,835000.0,4,2.0,1910,6960,1.5,0,0,5,8,1910,0,1941,0,98103,47.6893,-122.348,1360,3300,1
1997200245,20140714T000000,540000.0,2,1.75,1460,4800,1.0,0,0,5,7,850,610,1950,0,98103,47.6928,-122.339,2050,5592,0
993002177,20150506T000000,345000.0,3,2.5,1380,1547,3.0,0,0,3,8,1380,0,2000,0,98103,47.6908,-122.341,1380,1465,1
4340610040,20140612T000000,312500.0,2,1.5,1070,1200,2.0,0,0,3,7,1070,0,1999,0,98103,47.697,-122.347,1070,1200,0
1048000160,20140627T000000,504200.0,2,1.5,1200,1687,3.0,0,0,3,8,1200,0,2008,0,98103,47.6491,-122.334,1240,1296,1
1972200554,20140804T000000,580000.0,3,2.25,1480,1026,3.0,0,0,3,8,1480,0,2014,0,98103,47.6536,-122.354,1570,1283,1
306000565,20140825T000000,290000.0,2,1.5,1020,1275,3.0,0,0,3,8,1020,0,2008,0,98103,47.7003,-122.346,980,1415,1
3362400125,20150303T000000,405000.0,3,2.0,1060,651,3.0,0,0,3,7,1060,0,2007,0,98103,47.6828,-122.345,1440,1501,0
1972200326,20150422T000000,562000.0,2,2.25,1300,1314,3.0,0,0,3,8,1300,0,2008,0,98103,47.6536,-122.356,1300,1312,1
6749700004,20150330T000000,291000.0,2,1.0,840,863,3.0,0,0,3,8,840,0,2008,0,98103,47.6974,-122.349,1110,1190,1
4310702918,20141030T000000,345000.0,2,2.25,1110,1290,3.0,0,0,3,8,1110,0,2006,0,98103,47.6968,-122.34,1360,1251,1
1048000060,20140619T000000,543000.0,3,2.25,1240,949,3.0,0,0,3,8,1240,0,2008,0,98103,47.6488,-122.334,1310,1140,1
4083306045,20141029T000000,1375000.0,5,3.75,3330,5042,2.0,0,2,3,9,2470,860,2014,0,98103,47.6497,-122.339,1780,3990,1
5695000270,20141103T000000,660000.0,3,2.25,1570,1680,3.0,0,0,3,8,1570,0,2014,0,98103,47.6585,-122.348,1290,1870,1
9523100731,20140930T000000,580000.0,3,2.5,1620,1171,3.0,0,4,3,8,1470,150,2008,0,98103,47.6681,-122.355,1620,1505,1
5676000004,20141118T000000,399000.0,3,2.5,1430,1250,3.0,0,0,3,7,1430,0,2007,0,98103,47.6904,-122.342,1360,1269,0
4310702858,20141015T000000,414950.0,3,2.5,1570,1551,3.0,0,0,3,8,1570,0,2008,0,98103,47.6961,-122.341,1570,1705,1
1972201963,20140616T000000,523950.0,3,2.25,1420,1282,3.0,0,0,3,8,1420,0,2006,0,98103,47.6533,-122.346,1530,1280,1
993000136,20141007T000000,449950.0,3,2.25,1540,1270,3.0,0,0,3,7,1540,0,2014,0,98103,47.6935,-122.341,1230,1454,0
9267200226,20140502T000000,436110.0,3,2.5,1770,1235,3.0,0,0,3,8,1600,170,2007,0,98103,47.6965,-122.342,1680,1203,1
263000253,20150330T000000,380000.0,3,2.25,1550,1485,3.0,0,0,3,8,1550,0,2011,0,98103,47.6989,-122.346,1550,1480,1
8032700075,20141015T000000,622000.0,3,3.5,1690,1765,2.0,0,0,3,8,1370,320,2006,0,98103,47.6536,-122.34,1690,1694,1
9551201240,20141030T000000,1465000.0,4,2.5,2800,4000,2.0,0,0,3,9,2800,0,2011,0,98103,47.6695,-122.339,1770,4200,1
1972200553,20140804T000000,619000.0,3,2.25,1650,946,3.0,0,0,3,8,1650,0,2014,0,98103,47.6536,-122.354,1570,1283,1
3362400432,20140611T000000,547500.0,3,3.5,1650,2262,3.0,0,0,3,8,1650,0,2010,0,98103,47.6823,-122.347,1620,3166,1
9524100207,20150130T000000,245000.0,2,1.5,690,1058,2.0,0,0,3,7,690,0,2005,0,98103,47.6951,-122.343,690,1058,0
3126049446,20150310T000000,343000.0,3,3.5,1130,1449,3.0,0,0,3,7,1130,0,2005,0,98103,47.6968,-122.348,1130,1200,0
8032700110,20150409T000000,650000.0,3,2.5,1480,2159,3.0,0,0,3,8,1480,0,2007,0,98103,47.6533,-122.341,1480,1554,1
2883200524,20140512T000000,635000.0,3,2.5,1570,1433,3.0,0,0,3,8,1570,0,2010,0,98103,47.6858,-122.336,1570,2652,1
5693500846,20150420T000000,667000.0,3,1.75,1370,1921,3.0,0,0,3,8,1370,0,2007,0,98103,47.6595,-122.351,1370,4000,1
8129700728,20150414T000000,660000.0,3,2.5,1780,1729,2.0,0,0,3,8,1080,700,2008,0,98103,47.6594,-122.355,1780,1741,1
4083306552,20150310T000000,602000.0,3,3.25,1460,1367,3.0,0,0,3,8,1460,0,2008,0,98103,47.6485,-122.334,1310,1191,1
993000307,20140523T000000,360000.0,3,2.0,1270,1323,3.0,0,0,3,8,1270,0,2006,0,98103,47.6934,-122.342,1330,1323,1
3362400094,20141203T000000,550000.0,3,2.25,1540,1005,3.0,0,0,3,8,1540,0,2008,0,98103,47.6827,-122.346,1510,1501,1
1972201964,20140725T000000,500000.0,3,2.25,1420,983,3.0,0,0,3,8,1420,0,2006,0,98103,47.6533,-122.346,1530,1280,1
6749700006,20140715T000000,306000.0,2,1.5,1090,1183,3.0,0,0,3,8,1090,0,2008,0,98103,47.6974,-122.349,1110,1384,1
1972200426,20140918T000000,525000.0,2,2.75,1310,1268,3.5,0,0,3,8,1310,0,2007,0,98103,47.6534,-122.355,1350,1288,1
8129700743,20150416T000000,672000.0,3,2.5,1780,1647,2.0,0,0,3,8,1080,700,2008,0,98103,47.6597,-122.355,2000,1741,1
263000255,20141202T000000,375000.0,3,2.25,1540,1561,3.0,0,0,3,8,1540,0,2010,0,98103,47.6991,-122.346,1540,1547,1
6430500182,20150403T000000,1205000.0,4,3.0,3330,7650,1.0,0,0,3,9,1830,1500,2008,0,98103,47.6889,-122.352,1200,3876,1
9523100730,20140523T000000,580000.0,3,2.5,1620,1173,3.0,0,4,3,8,1470,150,2008,0,98103,47.6681,-122.355,1620,1505,1
3362401758,20140903T000000,467000.0,3,2.25,1420,990,3.0,0,0,3,8,1420,0,2008,0,98103,47.6801,-122.348,1350,1415,1
1972202187,20141024T000000,565000.0,3,2.5,1870,1058,3.0,0,0,3,8,1380,490,2007,0,98103,47.6512,-122.345,1440,1136,1
1972200556,20140703T000000,609000.0,3,1.75,1630,1526,3.0,0,0,3,8,1630,0,2014,0,98103,47.6536,-122.354,1570,1274,1
1972200847,20140718T000000,625000.0,3,2.5,1730,1301,3.0,0,0,3,9,1730,0,2011,0,98103,47.653,-122.352,1330,1240,1
993001914,20150106T000000,344000.0,3,2.25,1250,1033,3.0,0,0,3,8,1250,0,2007,0,98103,47.6907,-122.343,1250,1150,1
3126049501,20140717T000000,385000.0,3,1.5,1360,2030,3.0,0,0,3,8,1360,0,2008,0,98103,47.6961,-122.349,1360,1167,1
293670040,20141008T000000,482500.0,2,2.5,1170,809,2.0,0,0,3,9,1170,0,2007,0,98103,47.6875,-122.339,1170,1121,1
993000315,20141002T000000,379000.0,3,3.25,1380,1234,3.0,0,0,3,8,1380,0,2006,0,98103,47.6935,-122.342,1370,1282,1
4310702837,20141201T000000,375000.0,3,3.25,1370,1227,3.0,0,0,3,8,1370,0,2007,0,98103,47.6964,-122.341,1370,1236,1
4310703083,20140523T000000,355000.0,3,2.0,1220,1186,3.0,0,0,3,8,1220,0,2007,0,98103,47.6972,-122.341,1280,1251,1
1931300308,20140520T000000,500000.0,3,2.5,1210,1200,3.0,0,0,3,8,1210,0,2008,0,98103,47.6543,-122.345,1210,1200,1
1972201773,20150313T000000,670000.0,2,2.0,1500,761,3.0,0,3,3,8,1500,0,2008,0,98103,47.6522,-122.346,1360,1527,1
4083306553,20150422T000000,560000.0,3,2.5,1390,1411,3.0,0,0,3,8,1390,0,2008,0,98103,47.6485,-122.334,1350,1266,1
2919700107,20140811T000000,319950.0,2,2.5,1280,819,2.0,0,0,3,8,1060,220,2006,0,98103,47.6905,-122.364,1290,2900,1
1972200259,20140507T000000,425000.0,2,2.5,1150,1027,3.0,0,0,3,8,1150,0,2008,0,98103,47.6534,-122.356,1360,1210,1
625049359,20141203T000000,515000.0,3,2.25,1300,1180,3.0,0,0,3,8,1300,0,2008,0,98103,47.6871,-122.339,1300,1174,1
4310701421,20140617T000000,350000.0,2,2.5,1260,1347,3.0,0,0,3,8,1260,0,2005,0,98103,47.6994,-122.341,1260,1356,1
6749700002,20140509T000000,376000.0,3,2.0,1340,1384,3.0,0,0,3,8,1340,0,2008,0,98103,47.6973,-122.35,1110,1384,1
3126049500,20140522T000000,359000.0,3,1.5,1360,885,3.0,0,0,3,8,1360,0,2008,0,98103,47.6961,-122.349,1360,1167,1
1931300977,20140508T000000,500000.0,3,1.75,1410,1197,3.0,0,0,3,8,1410,0,2012,0,98103,47.6558,-122.348,1350,2512,1
1646500810,20140919T000000,625000.0,2,1.75,1460,1500,2.0,0,0,3,8,1000,460,2008,0,98103,47.6853,-122.356,1440,4120,1
1972200428,20140625T000000,563500.0,3,2.5,1400,1312,3.5,0,0,3,8,1400,0,2007,0,98103,47.6534,-122.355,1350,1312,1
9524100196,20141117T000000,239000.0,2,1.5,680,772,2.0,0,0,3,7,680,0,2005,0,98103,47.695,-122.343,690,1059,0
5541300135,20140708T000000,674600.0,4,2.5,2610,5140,2.0,0,0,3,8,2610,0,2006,0,98103,47.6951,-122.346,1190,5101,1
4083306616,20150224T000000,450000.0,2,1.5,960,1000,2.0,0,0,3,8,920,40,2008,0,98103,47.6489,-122.335,1200,1297,1
993002108,20150330T000000,399995.0,3,1.5,1140,1069,3.0,0,0,3,8,1140,0,2005,0,98103,47.6907,-122.342,1230,1276,1
993000327,20140506T000000,369950.0,3,2.0,1270,1320,3.0,0,0,3,8,1270,0,2006,0,98103,47.6937,-122.342,1370,1320,1
1257201420,20140709T000000,595000.0,4,3.25,3730,4560,2.0,0,0,3,9,2760,970,2015,0,98103,47.6725,-122.33,1800,4560,1
9524100322,20141020T000000,375000.0,3,2.25,1140,1557,3.0,0,0,3,8,1140,0,2007,0,98103,47.6947,-122.342,1140,1245,1
3362400092,20150312T000000,565000.0,3,2.25,1540,1005,3.0,0,0,3,8,1540,0,2008,0,98103,47.6828,-122.346,1510,1501,1
6749700063,20141215T000000,356000.0,2,2.25,1230,989,3.0,0,0,3,8,1230,0,2007,0,98103,47.6975,-122.348,1230,1223,1
993000308,20150318T000000,401000.0,3,2.0,1270,1333,3.0,0,0,3,8,1270,0,2006,0,98103,47.6933,-122.342,1330,1333,1
5695000142,20141024T000000,420000.0,2,1.5,1100,1107,3.0,0,0,3,8,1100,0,2008,0,98103,47.6584,-122.35,1110,2750,1
9267200062,20140911T000000,336000.0,3,2.5,1260,1211,3.0,0,0,3,8,1260,0,2004,0,98103,47.6969,-122.343,1270,1211,1
8032700072,20150415T000000,580000.0,3,1.5,1320,1250,3.0,0,0,3,8,1320,0,2008,0,98103,47.6536,-122.341,1560,1694,1
993001563,20140522T000000,355000.0,3,2.25,1280,959,3.0,0,0,3,8,1280,0,2005,0,98103,47.6914,-122.343,1130,1126,1
2919700109,20140722T000000,350000.0,2,2.5,1280,940,2.0,0,0,3,8,1060,220,2006,0,98103,47.6904,-122.364,1290,2900,1
1972201772,20150409T000000,650000.0,2,2.5,1470,690,3.0,0,3,3,8,1470,0,2008,0,98103,47.6523,-122.346,1480,1284,1
263000006,20141216T000000,375000.0,3,2.5,1530,1131,3.0,0,0,3,8,1530,0,2009,0,98103,47.6993,-122.346,1530,1445,1
1972200728,20141124T000000,630500.0,3,2.5,1909,1300,3.0,0,0,3,8,1766,143,2006,0,98103,47.6538,-122.352,1780,1248,1
5693501028,20150403T000000,610000.0,3,2.5,1300,1331,3.0,0,0,3,8,1300,0,2007,0,98103,47.6607,-122.352,1450,5270,1
1972201511,20150210T000000,671500.0,3,2.5,1770,1714,3.0,0,0,3,8,1770,0,2012,0,98103,47.6532,-122.348,1720,3360,1
5694500840,20141125T000000,559000.0,2,3.0,1650,960,3.0,0,0,3,8,1350,300,2015,0,98103,47.6611,-122.346,1650,3000,1
3362401763,20140508T000000,441750.0,2,1.5,1020,1060,3.0,0,0,3,8,1020,0,2008,0,98103,47.6801,-122.348,1340,1415,1
9521100029,20140716T000000,716000.0,3,3.0,1660,1849,3.0,0,0,3,9,1660,0,2013,0,98103,47.6649,-122.353,1660,3300,1
4083300098,20141117T000000,453000.0,2,1.5,1160,1269,2.0,0,0,3,7,970,190,2005,0,98103,47.6608,-122.335,1700,3150,0
5694500497,20150116T000000,539900.0,3,3.25,1300,1325,2.0,0,0,3,8,1080,220,2005,0,98103,47.6584,-122.346,1290,1323,1
9402800005,20141028T000000,1500000.0,3,3.5,3530,3610,2.0,0,0,3,10,2370,1160,2008,0,98103,47.6857,-122.339,1780,3610,1
263000009,20150129T000000,375000.0,3,2.5,1440,1102,3.0,0,0,3,8,1440,0,2009,0,98103,47.6995,-122.346,1440,1434,1
9266700190,20150511T000000,245000.0,1,1.0,390,2000,1.0,0,0,4,6,390,0,1920,0,98103,47.6938,-122.347,1340,5100,0
993001976,20140818T000000,344000.0,3,2.25,1250,871,3.0,0,0,3,8,1250,0,2007,0,98103,47.6907,-122.343,1250,1158,1
3797001702,20141216T000000,1065000.0,5,3.5,2920,3000,2.0,0,0,3,9,2260,660,2014,0,98103,47.6846,-122.349,1580,4000,1
6431000748,20141027T000000,331000.0,3,3.25,1290,1153,3.0,0,0,3,7,1290,0,2008,0,98103,47.6904,-122.346,1290,1200,0
9521100301,20140507T000000,339950.0,2,1.0,820,681,3.0,0,0,3,8,820,0,2006,0,98103,47.6619,-122.352,820,1156,1
3126049498,20150316T000000,370000.0,3,1.5,1360,1167,3.0,0,0,3,8,1360,0,2008,0,98103,47.6962,-122.349,1360,1167,1
9521100214,20140604T000000,455000.0,3,1.75,1420,1189,3.0,0,0,3,8,1420,0,2006,0,98103,47.6625,-122.352,1380,1196,1
5693501102,20141030T000000,598500.0,3,3.0,1560,2091,3.0,0,0,3,8,1560,0,2006,0,98103,47.6604,-122.352,1530,2091,1
993001961,20140709T000000,374950.0,3,2.25,1390,1484,3.0,0,0,3,8,1390,0,2007,0,98103,47.6912,-122.343,1250,1087,1
9523100712,20140618T000000,485000.0,2,2.5,1430,923,3.0,0,0,3,8,1410,20,2008,0,98103,47.6683,-122.355,1620,1505,1
5676000008,20150316T000000,410000.0,3,2.5,1420,1269,3.0,0,0,3,7,1420,0,2007,0,98103,47.6904,-122.342,1420,1300,0
4310702838,20150427T000000,375000.0,3,1.5,1290,1213,3.0,0,0,3,8,1290,0,2007,0,98103,47.6965,-122.34,1360,1227,1
6431000749,20140922T000000,349000.0,3,3.25,1340,1151,3.0,0,0,3,7,1340,0,2008,0,98103,47.6904,-122.346,1290,1200,0
3362401761,20150225T000000,450000.0,2,1.5,1020,1049,3.0,0,0,3,8,1020,0,2008,0,98103,47.68,-122.348,1350,1395,1
3226049565,20140711T000000,504600.0,5,3.0,2360,5000,1.0,0,0,3,7,1390,970,2008,0,98103,47.6931,-122.33,2180,5009,0
5694000706,20140813T000000,535000.0,3,2.75,1320,1125,3.0,0,0,3,8,1320,0,2008,0,98103,47.6598,-122.348,1320,1266,1
6431000987,20140902T000000,385000.0,3,2.25,1630,1598,3.0,0,0,3,8,1630,0,2008,0,98103,47.6904,-122.347,1320,1605,1
1972200555,20140714T000000,610000.0,3,1.75,1630,1500,3.0,0,0,3,8,1630,0,2014,0,98103,47.6536,-122.354,1570,1335,1
9468200109,20140617T000000,1555000.0,3,3.5,4360,6240,2.0,0,3,3,10,2960,1400,2008,0,98103,47.6791,-122.354,1920,3910,1
9521100866,20140618T000000,482000.0,3,3.25,1380,1120,3.0,0,0,3,8,1380,0,2008,0,98103,47.6617,-122.349,1310,1405,1
9521100867,20140711T000000,475000.0,3,3.25,1380,1121,3.0,0,0,3,8,1380,0,2008,0,98103,47.6617,-122.349,1310,1405,1
1972200227,20141007T000000,459000.0,3,1.5,1160,1031,3.0,0,0,3,8,1160,0,2008,0,98103,47.6538,-122.357,1268,1688,1
9521100031,20140618T000000,690000.0,3,3.25,1540,1428,3.0,0,0,3,9,1540,0,2013,0,98103,47.6648,-122.353,1660,3300,1
1931300090,20140507T000000,610950.0,3,3.0,1680,1570,3.0,0,0,3,8,1680,0,2014,0,98103,47.6572,-122.346,1640,4800,1
1931300412,20150416T000000,475000.0,3,2.25,1190,1200,3.0,0,0,3,8,1190,0,2008,0,98103,47.6542,-122.346,1180,1224,1
1972201967,20141031T000000,520000.0,2,2.25,1530,981,3.0,0,0,3,8,1480,50,2006,0,98103,47.6533,-122.346,1530,1282,1
263000018,20140521T000000,360000.0,3,2.5,1530,1131,3.0,0,0,3,8,1530,0,2009,0,98103,47.6993,-122.346,1530,1509,1
