t,x_acc,y_acc,z_acc,x_rot,y_rot,z_rot,move_type
0.001658208319,2.603236542,-0.0687071228,9.457632751,0.09853222966,0.0794056505,-1.539467812,1
0.01161020831,1.871558075,-0.6427633667,10.21939865,0.1286527514,-0.004559307825,-1.495044708,1
0.02156220836,1.897454224,-0.9964778137,10.0462088,0.1429744214,-0.08156248182,-1.50550139,1
0.03151420836,2.120041351,-0.3385958862,9.839937744,0.1152678579,-0.08866888285,-1.557104826,1
0.04146620835,2.452200623,-0.2561174011,9.470505981,0.05062308908,-0.08357931674,-1.636483073,1
0.05141820834,2.644999695,-0.252973938,9.318871307,-0.02291370928,-0.07431109995,-1.733466148,1
0.06137020834,2.877915344,-0.3791615295,9.25420578,-0.05809246376,-0.02947705612,-1.790135264,1
0.07132220833,2.912194061,-0.5149291992,9.393266602,-0.04812304303,0.02626112849,-1.834666491,1
0.08127420832,2.982248383,-0.5321434021,9.557924194,-0.03729702905,0.04365156963,-1.896900535,1
0.09122620831,3.131338348,-0.5536985779,9.53741684,-0.04850564525,0.02804372832,-1.958955884,1
0.1011782084,3.14406189,-0.6373745728,9.37126236,-0.06893954426,-0.004054820165,-2.015711784,1
0.1111302084,3.112028503,-0.7866142273,9.319470062,-0.08107544482,-0.0390066281,-2.075133562,1
0.1210822084,3.201692047,-1.034498749,9.461973724,-0.0497992821,-0.04949788377,-2.138930321,1
0.1310342083,3.197500763,-1.189276886,9.765392761,-0.01928073913,-0.0557433255,-2.193793535,1
0.1409862083,3.057691498,-1.295406189,9.817185059,-0.01355281286,-0.0561507903,-2.250199556,1
0.1509382083,2.949316864,-1.450483704,9.72812027,0.005302754231,-0.04451658949,-2.294759989,1
0.1608902083,2.815944214,-1.599423981,9.835596771,0.01288717054,-0.05381874368,-2.347604275,1
0.1708422083,2.720143433,-1.701511688,9.913434906,0.0254964605,-0.07071486861,-2.400001526,1
0.1807942084,2.626438293,-1.827848969,10.01193008,0.0489397347,-0.08882009983,-2.432815075,1
0.1907462084,2.428699493,-1.951192474,10.10009674,0.07043432444,-0.1185771376,-2.460635662,1
0.2006982084,2.340832214,-2.130220184,10.08692413,0.1004761159,-0.1440244466,-2.492466688,1
0.2106502083,2.303110657,-2.299817505,10.1604213,0.1170260161,-0.1827342212,-2.537083626,1
0.2206022083,2.319426727,-2.520758057,10.12090347,0.1148334369,-0.1844293177,-2.595087767,1
0.2305552083,2.370320892,-2.678979034,10.04216721,0.1084411517,-0.1653841138,-2.648771763,1
0.2405072083,2.270628204,-2.76370285,10.01267853,0.09770674258,-0.1656216681,-2.6874156,1
0.2504592083,2.055675201,-2.882256317,9.977801056,0.08926275373,-0.2063379288,-2.710082531,1
0.2604112083,1.8194664,-2.950813751,10.01103195,0.102525562,-0.2580991387,-2.733308792,1
0.2703632083,1.697320404,-3.021915894,10.09021729,0.1112334207,-0.3124551177,-2.755529642,1
0.2803152084,1.590292969,-3.118614807,10.05833359,0.09627551585,-0.352078706,-2.784038067,1
0.2902672084,1.453926544,-3.1744487,9.996212769,0.07050177455,-0.3527885973,-2.816096544,1
0.3002192084,1.294957123,-3.175346832,10.05234604,0.04432583228,-0.3531814218,-2.828364611,1
0.3101712083,1.089434509,-3.172203369,10.05384293,-0.01569501124,-0.3781976104,-2.832810879,1
0.3201232083,1.040635986,-3.21770874,9.959988098,-0.06059990451,-0.4458839595,-2.848045588,1
0.3300752083,1.191671906,-3.241808624,10.17254608,-0.0594237633,-0.5027758479,-2.88907361,1
0.3400272083,1.535357208,-3.304827576,10.72100555,-0.04200775176,-0.5248673558,-2.948156834,1
0.3499792083,1.861977997,-3.394491119,11.0030191,-0.04968259111,-0.4921785593,-3.018039465,1
0.3599312084,2.061063995,-3.477418671,11.0084079,-0.08300486207,-0.4423561394,-3.095969915,1
0.3698832084,2.149979095,-3.586691437,10.99583405,-0.1088908985,-0.3851970434,-3.170438528,1
0.379835125,2.180066528,-3.880680084,11.14881592,-0.09621611983,-0.3154067695,-3.208723545,1
0.389787125,2.048340454,-4.177512817,11.40164017,-0.06722938269,-0.2455038428,-3.220454216,1
0.399739125,1.855242004,-4.403692474,11.41391464,-0.0219870694,-0.2012780607,-3.204176426,1
0.409691125,1.690434723,-4.525239716,11.29745682,0.02712641843,-0.1934825778,-3.168891668,1
0.419643125,1.595681763,-4.588857422,11.02846619,0.04523458332,-0.2557685971,-3.133893728,1
0.429595125,1.639390869,-4.614903259,10.60903839,0.03282829002,-0.3713087142,-3.125747442,1
0.439547125,1.905986481,-4.650229797,10.26086243,0.002603009809,-0.4958732724,-3.162827015,1
0.449499125,2.333048401,-4.734803925,10.16610947,-0.02128605172,-0.5804904699,-3.243057251,1
0.459451125,2.634820862,-4.92026825,10.29334488,-0.04482626542,-0.5829264522,-3.320151567,1
0.469403125,2.706671448,-5.214107208,10.48704208,-0.07814051956,-0.5385020375,-3.369241953,1
0.479355125,2.478545837,-5.63518158,10.57775345,-0.1156175882,-0.4903720319,-3.369658709,1
0.489307125,2.004481659,-6.0622435,10.68313431,-0.1214194372,-0.4532291293,-3.322494984,1
0.499259125,1.582509155,-6.257437592,10.91380463,-0.09784273058,-0.4408496916,-3.236229897,1
0.509211125,1.241368561,-6.243366852,11.02068237,-0.09323880076,-0.5057608485,-3.140296698,1
0.519163125,1.114881592,-6.054609375,10.84854034,-0.1147560775,-0.6399316788,-3.061462641,1
0.529115125,1.201251984,-5.634133759,10.74121353,-0.1301846355,-0.7941473722,-3.00927043,1
0.539067125,1.453028412,-5.160518646,10.84345093,-0.128959313,-0.9679167867,-2.984015942,1
0.549019125,1.859133911,-4.832251282,11.06334366,-0.1196025759,-1.112849593,-2.990398884,1
0.558971125,2.39756424,-4.742138672,11.29850464,-0.09558884799,-1.188814163,-3.032473326,1
0.568923125,2.936144257,-4.78210556,11.54549103,-0.05402223021,-1.148751736,-3.092866898,1
0.578875125,3.345842285,-4.882397003,11.7767601,-0.01740935817,-1.050490737,-3.153260231,1
0.588827125,3.443289642,-4.921465759,11.80924255,-0.003669631202,-0.9308914542,-3.216063499,1
0.598779125,3.410358124,-5.010081482,11.6321608,-0.01799956709,-0.8298953176,-3.25853014,1
0.608732125,3.250789948,-5.166506195,11.44983994,-0.02126505785,-0.7484478951,-3.278696775,1
0.618684125,3.004402313,-5.336253204,11.38203094,-0.006682652049,-0.7133663297,-3.285460234,1
0.628636125,2.751877441,-5.456453247,11.37364838,0.01770622842,-0.7197135687,-3.291867018,1
0.638588125,2.55668335,-5.439388733,11.26347748,0.0308891423,-0.761133194,-3.307556391,1
0.648540125,2.339634705,-5.316793671,11.0495723,0.03363896161,-0.8222206235,-3.33702445,1
0.658492125,2.148931274,-5.242997131,10.90287735,0.03074703366,-0.868193984,-3.353437185,1
0.668444125,1.799108734,-5.126988373,10.76067307,-0.008485591039,-0.9327154756,-3.355918169,1
0.678396125,1.461710358,-5.122946777,10.5651796,-0.07238361239,-0.9789870977,-3.331079483,1
0.688348125,1.054706726,-5.16830246,10.54736664,-0.137753278,-0.993476212,-3.289469957,1
0.698300125,0.7259902954,-5.146896973,10.67999084,-0.1894076765,-1.03802371,-3.270591736,1
0.708252125,0.7806266785,-5.248834991,10.95901062,-0.1941681504,-1.077799797,-3.271088123,1
0.718204125,0.7864645386,-5.352269897,11.55881332,-0.1515250802,-1.106562018,-3.263053656,1
0.728156125,0.6123765564,-5.403613129,12.14125214,-0.07990761846,-1.099297643,-3.251004457,1
0.738108125,0.4385879517,-5.444178772,12.52415588,-0.02051007748,-1.062183022,-3.219002485,1
0.748060125,0.1778302002,-5.308860168,12.50963608,-0.0198322311,-1.041678667,-3.184818745,1
0.758012125,0.05388793945,-5.182073822,12.18810471,-0.04814216495,-1.050129056,-3.171807766,1
0.767964125,0.1606159973,-5.107828217,12.08661575,-0.05389343575,-1.053589582,-3.181171417,1
0.777916125,0.38963974,-5.123545532,12.21385117,-0.03647130355,-1.026666403,-3.190983772,1
0.787868125,0.5453160095,-5.215304718,12.31069977,-0.02283583768,-0.9631153941,-3.160544395,1
0.797820125,0.4915777588,-5.267097015,12.22208405,0.0001467093825,-0.9016054273,-3.078090191,1
0.807772125,0.3477268982,-4.982089691,11.96896042,0.03810304031,-0.9102014303,-2.973257065,1
0.817724125,0.3849993896,-4.376598816,11.61255157,0.06557514518,-1.043178678,-2.885415077,1
0.827676125,0.7920030212,-3.693569183,11.22366028,0.07853607833,-1.218289256,-2.854664326,1
0.837628125,1.623523865,-3.169658661,10.95586716,0.04981574416,-1.36113739,-2.936226368,1
0.847580125,2.850821686,-3.037333832,10.78746735,-0.00538383238,-1.386768341,-3.119319439,1
0.857532125,3.92678421,-3.246149597,10.8000412,-0.08358728886,-1.264229298,-3.346979618,1
0.867484125,4.439767456,-3.721111908,10.90512268,-0.1444408298,-0.9980435967,-3.563158274,1
0.877436125,4.337080994,-4.370760956,11.15645004,-0.1584717035,-0.6933693886,-3.723748922,1
0.887388125,3.727548523,-5.094805298,11.36825958,-0.1558520943,-0.4474103153,-3.79961586,1
0.897340125,2.808310089,-5.736071777,11.13624207,-0.1548361033,-0.3203865886,-3.817363501,1
0.907292125,1.879790955,-5.985303497,10.62310913,-0.1857157201,-0.325673908,-3.792742014,1
0.917244125,1.067280579,-5.938001862,9.986183624,-0.2534614801,-0.4743877351,-3.746039391,1
0.927196125,0.4616400146,-5.808072052,9.466763763,-0.3261864781,-0.7157553434,-3.691725016,1
0.937149125,0.230969696,-5.61991333,9.425599365,-0.3795596659,-0.9899882078,-3.662565231,1
0.947101125,0.3975732422,-5.519921265,9.764644318,-0.4131631851,-1.197035074,-3.658770323,1
0.957053125,0.8045768738,-5.526956635,10.29274612,-0.4404787123,-1.275576949,-3.680338621,1
0.967005125,1.228794708,-5.534441071,10.93266541,-0.4644834399,-1.224649429,-3.728070974,1
0.976957125,1.540296936,-5.627547455,11.50791916,-0.4699738026,-1.101718187,-3.776120663,1
0.986909125,1.645079041,-5.818550262,12.07374252,-0.4444292188,-0.9618703723,-3.812301397,1
0.996861125,1.588047638,-6.018384705,12.54047195,-0.3825200498,-0.8458598852,-3.834802151,1
1.006813125,1.403631134,-6.165528717,12.78431488,-0.3178149164,-0.7878049016,-3.848908424,1
1.016765125,1.193617859,-6.180198212,12.73865982,-0.2555294335,-0.7705726624,-3.865832329,1
1.026717125,1.091829529,-6.219716034,12.49676285,-0.2099641114,-0.7751640081,-3.897627354,1
1.036669125,1.053808594,-6.277645569,12.20097794,-0.1867828965,-0.7780495882,-3.929317951,1
1.046621125,0.9717791748,-6.400839386,11.88214096,-0.181045115,-0.7783981562,-3.951224327,1
1.056573125,0.8159532166,-6.60980484,11.63410675,-0.169936806,-0.7719751596,-3.949768543,1
1.066525125,0.5701643372,-6.75021286,11.47902924,-0.1657981724,-0.8090018034,-3.941551447,1
1.076477125,0.4466711426,-6.844217377,11.30314499,-0.1591203064,-0.859801054,-3.924530506,1
1.086429125,0.3796105957,-6.930288391,11.23368942,-0.1502557993,-0.9373602867,-3.917551517,1
1.096381125,0.3890409851,-7.030430145,11.17725677,-0.1540231109,-1.003519177,-3.919646263,1
1.106333125,0.4345463562,-7.111411743,11.11902786,-0.1739791334,-1.058071375,-3.920034885,1
1.116285125,0.4505630493,-7.213200073,11.07367218,-0.1912287027,-1.098564267,-3.908433437,1
1.126237125,0.413739624,-7.287894745,11.01559296,-0.2286424935,-1.146208644,-3.886252642,1
1.136189125,0.3836521912,-7.381899261,10.96050751,-0.2467831373,-1.191650629,-3.868826151,1
1.146141125,0.5213658142,-7.552843781,11.06304428,-0.2266744226,-1.149273515,-3.863106966,1
1.156093125,0.546663208,-7.641010437,11.29161896,-0.2010883689,-1.010402918,-3.862466574,1
1.166045125,0.3528163147,-7.539521484,11.16932327,-0.2215597034,-0.8579437733,-3.848484993,1
1.175997125,-0.1008901978,-7.277865601,10.51368668,-0.3339909017,-0.8344528079,-3.821120024,1
1.185949125,-0.6135740662,-7.089407501,9.571545868,-0.5103213787,-0.9843040109,-3.780941725,1
1.195901125,-0.9711804199,-6.912774811,9.032516785,-0.6684063077,-1.272841215,-3.768835306,1
1.205853125,-1.136736145,-6.721921692,9.426796875,-0.7348052263,-1.57322371,-3.749030352,1
1.215805125,-1.279090118,-6.639592896,10.65394501,-0.7155838609,-1.743538141,-3.684248686,1
1.225757125,-1.450783081,-6.726262665,12.15786758,-0.6353724003,-1.763014674,-3.578697205,1
1.235709125,-1.420396271,-6.768474884,13.5418895,-0.5317802429,-1.62383461,-3.456614256,1
1.245662125,-1.193318481,-6.668782196,14.32236649,-0.4458618462,-1.423175335,-3.329536438,1
1.255614125,-1.00276474,-6.306535492,14.36368057,-0.3815113604,-1.255560517,-3.229654789,1
1.265566125,-0.7741900635,-5.727389832,13.96760422,-0.3084329665,-1.202643633,-3.156769276,1
1.275518125,-0.4312532043,-5.300178223,13.5020723,-0.2543263137,-1.16862607,-3.088725567,1
1.285470125,-0.04864883423,-4.860692139,12.87787033,-0.2517933249,-1.181471586,-3.096640825,1
1.295422125,0.503253479,-4.399800568,12.10338089,-0.288648814,-1.256958604,-3.164133787,1
1.305374125,0.9484277344,-4.196972351,11.52438492,-0.3457073569,-1.318048239,-3.247386932,1
1.315326125,1.221310272,-4.300556946,11.2260553,-0.410068512,-1.340046167,-3.320146322,1
1.325278125,1.42638382,-4.612059174,11.18878281,-0.4726735055,-1.296084523,-3.381294012,1
1.335230125,1.606758728,-4.917274475,11.25823837,-0.5341938734,-1.220202446,-3.411098003,1
1.345182125,1.61349472,-5.120102692,11.35673355,-0.5801461935,-1.171666265,-3.416027069,1
1.355134125,1.527124329,-5.143603821,11.54159912,-0.6111941338,-1.17478168,-3.437665462,1
1.365086125,1.56903717,-5.024601288,11.72272247,-0.6303744912,-1.236194491,-3.470244646,1
1.375038125,1.642983398,-4.972210236,11.91537186,-0.6422023773,-1.354026794,-3.49583149,1
1.384990333,1.594184875,-4.995262299,12.13541428,-0.6424093246,-1.498399138,-3.523758888,1
1.394942333,1.589993591,-5.080584869,12.45679596,-0.6136125326,-1.585845828,-3.553189993,1
1.404894333,1.677411804,-5.229375458,12.8835585,-0.5855115056,-1.579795122,-3.584869146,1
1.414846333,1.766925659,-5.324128418,13.15359695,-0.5773630142,-1.531720757,-3.620805025,1
1.424798333,1.804048462,-5.44088562,13.28816711,-0.5589141846,-1.459022403,-3.650976658,1
1.434750333,1.745370483,-5.576054535,13.44578934,-0.5304993391,-1.421647072,-3.6622293,1
1.444702333,1.600172424,-5.732179871,13.62706238,-0.4936854839,-1.449795008,-3.688601255,1
1.454654333,1.619182892,-5.923482056,13.80130005,-0.445389837,-1.474490523,-3.726201534,1
1.464606333,1.701062622,-6.182293854,14.00053574,-0.3756372035,-1.444043636,-3.739940405,1
1.474558333,1.533710632,-6.343658295,14.16549271,-0.2871313095,-1.37577188,-3.73142457,1
1.484510333,1.269360352,-6.406527557,14.13630341,-0.2139364481,-1.317138076,-3.720839977,1
1.494462333,1.052910461,-6.37928421,13.69127884,-0.1715104282,-1.287757397,-3.724307299,1
1.504414333,0.9422904968,-6.29276413,13.05704773,-0.1482507586,-1.277602315,-3.732254744,1
1.514366333,0.8250842285,-6.189478912,12.51098328,-0.176115945,-1.29041636,-3.746384144,1
1.524318333,0.7610174561,-6.149212646,11.87779999,-0.2563638091,-1.29686141,-3.767218113,1
1.534270333,0.7788304138,-6.236331482,11.33712433,-0.3413948417,-1.295104265,-3.790422916,1
1.544223333,0.7309300232,-6.305337982,11.15944382,-0.4235611856,-1.304424882,-3.833559275,1
1.554175333,0.7280859375,-6.514602814,11.19896164,-0.490496546,-1.308068871,-3.875100374,1
1.564127333,0.6345304871,-6.768025818,11.35508698,-0.5593560338,-1.3234514,-3.913046122,1
1.574079333,0.5797444153,-7.029382324,11.55821457,-0.6201466918,-1.325688243,-3.939893007,1
1.584031333,0.6373745728,-7.341632996,11.89321793,-0.67689991,-1.312512875,-3.956569672,1
1.593983333,0.6801855469,-7.496860199,12.19738541,-0.7423164845,-1.304682851,-3.979941607,1
1.603935333,0.7683522034,-7.605384521,12.52460495,-0.7709901929,-1.294743538,-3.999487638,1
1.613887333,0.8330177307,-7.635322266,13.07456131,-0.7447556853,-1.283538342,-4.007879257,1
1.623839333,0.8402027893,-7.648494873,13.7369339,-0.6800675392,-1.245134711,-4.003506184,1
1.633791333,0.9048683167,-7.710016937,14.17207901,-0.5985223055,-1.188588381,-3.979583979,1
1.643743333,1.007105713,-7.823031921,14.29781754,-0.51477772,-1.097023726,-3.95987463,1
1.653695333,1.137783966,-7.773634644,14.14199158,-0.4359196424,-1.037496448,-3.968236923,1
1.663647333,1.274000702,-7.617060242,13.70789429,-0.3794706464,-1.042706132,-3.999812841,1
1.673599333,1.260379028,-7.520660706,13.12201263,-0.3504951894,-1.079955816,-4.036201,1
1.683551333,1.152603149,-7.478747864,12.47026794,-0.3738130033,-1.157094598,-4.072594643,1
1.693503333,1.041683807,-7.574249268,11.85175415,-0.4112075269,-1.220793247,-4.106389523,1
1.703455333,0.9515711975,-7.793393555,11.59907959,-0.4566680193,-1.297079444,-4.119938374,1
1.713407333,0.8210426331,-8.071664886,11.53351593,-0.5103413463,-1.400510311,-4.118876934,1
1.723359333,0.7345225525,-8.364306335,11.59803177,-0.5706304908,-1.508815885,-4.108285904,1
1.733311333,0.674197998,-8.558153229,11.88453598,-0.6027069092,-1.55655098,-4.100288868,1
1.743263333,0.6634204102,-8.732241211,12.43524078,-0.5933259726,-1.485714197,-4.104953289,1
1.753215333,0.5950126648,-8.81771347,13.00735107,-0.6009833813,-1.299475789,-4.098852634,1
1.763167333,0.1954934692,-8.756490784,13.03878571,-0.6532555819,-1.172849655,-4.037913322,1
1.773119333,-0.4132905579,-8.715176697,12.63103363,-0.6917428374,-1.182402611,-3.92988348,1
1.783071333,-0.8306227112,-8.626261597,12.49062561,-0.6741999984,-1.33480227,-3.816227436,1
1.793023333,-0.9472302246,-8.347092133,12.6898613,-0.6397379041,-1.548948169,-3.715328217,1
1.802975333,-0.8249345398,-7.878566437,12.87083496,-0.6163650751,-1.693302512,-3.644759178,1
1.812927333,-0.4703219604,-7.279961243,12.99178345,-0.621024549,-1.763342619,-3.602353334,1
1.822879333,-0.1308279419,-6.781647491,13.06093964,-0.6358709931,-1.770771265,-3.580104828,1
1.832832333,0.2415975952,-6.436016235,13.22454941,-0.6545208693,-1.718739986,-3.595091581,1
1.842784333,0.82373703,-6.269412689,13.49339035,-0.6497934461,-1.626132846,-3.658332109,1
1.852736333,1.480271759,-6.251300354,13.84186569,-0.6460815668,-1.507341146,-3.748755455,1
1.862688333,1.943408661,-6.330785065,14.09873154,-0.6485023499,-1.330636621,-3.849000692,1
1.872640333,2.049687653,-6.509663086,14.21129745,-0.645360589,-1.128130317,-3.919435263,1
1.882592333,1.738185425,-6.705455933,14.29242874,-0.6111353636,-0.9931648374,-3.950158358,1
1.892544333,1.161734161,-6.853348389,14.3566452,-0.5308846831,-0.9917246103,-3.942560673,1
1.902496333,0.5400769043,-6.90588913,14.35978867,-0.4412959814,-1.091600776,-3.910264969,1
1.912448333,0.06810836792,-6.855444031,14.201418,-0.3897116184,-1.237679601,-3.86167407,1
1.922400333,-0.144150238,-6.725364532,13.82375336,-0.3741870224,-1.33459425,-3.837495089,1
1.932352333,-0.00419128418,-6.558910675,13.52901627,-0.3655219078,-1.350509763,-3.840102673,1
1.942304333,0.1395098877,-6.319857788,13.51105362,-0.3532395065,-1.340858698,-3.851750135,1
1.952256333,0.1408570862,-6.185587006,13.52871689,-0.330819428,-1.362319708,-3.875857592,1
1.962208333,0.1619631958,-6.233786774,13.57886261,-0.2774861455,-1.401237845,-3.915832281,1
1.972160333,0.07140151978,-6.356381836,13.69816452,-0.234764263,-1.40660429,-3.945211887,1
1.982112333,-0.1793270874,-6.574029236,13.64113312,-0.2013719976,-1.364122629,-3.958460569,1
1.992064333,-0.5607339478,-6.909481659,13.52407654,-0.1495074779,-1.249415994,-3.930074692,1
0.02294916671,2.889740753,6.489155731,4.846621399,-0.345505923,0.6648578048,0.07015851885,0
0.03290116671,2.917133789,6.336473236,4.829107819,-0.3289325535,0.4994637668,0.0692615658,0
0.0428531667,3.003953247,5.990542603,5.314847717,-0.1501303613,0.2640834749,0.07498721033,0
0.05280516669,3.263513489,5.698799286,5.979465637,0.09905309975,-0.0008145105094,0.081224069,0
0.06275816669,3.733835449,5.614225159,6.314468994,0.306058526,-0.2530071437,0.08595509827,0
0.07271016669,4.242178345,5.572462006,5.980663147,0.3989277482,-0.4304908514,0.09491104633,0
0.08266216668,4.680766296,5.567971344,5.213658142,0.3832805455,-0.5359434485,0.1112144515,0
0.09261516668,5.170248413,5.450016632,4.448150024,0.2668881714,-0.5805678964,0.1129164845,0
0.1025671667,5.717809753,5.051096191,3.75479187,0.1049200445,-0.5458868742,0.072283566,0
0.1125191667,6.52088974,4.499493256,3.336711273,-0.0660546422,-0.4719862938,-0.0195936244,0
0.1224711667,7.465425568,3.615731049,3.240910492,-0.2097083777,-0.4245486557,-0.1135175973,0
0.1324241667,8.11103302,2.395468597,3.257825317,-0.3006372154,-0.4652449489,-0.149023667,0
0.1423761667,8.408763885,0.999022522,3.275787964,-0.3472771645,-0.5889357328,-0.1085460559,0
0.1523281667,8.34978653,-0.1474433899,3.294049988,-0.4323680997,-0.7697384953,-0.009210411459,0
0.1622801667,7.877817993,-0.8545729065,3.028651886,-0.6558334231,-0.9300186038,0.1838360727,0
0.1722331667,6.868616638,-1.086740112,2.420616302,-0.9849306345,-1.027497411,0.4352248907,0
0.1821851667,5.794001312,-0.9071136475,1.831591187,-1.307471156,-1.082891703,0.6607832909,0
0.1921371667,5.366490326,-0.688717804,1.693727875,-1.563819885,-1.172720313,0.7653794885,0
0.2020891667,5.511987762,-0.7217990112,2.041903839,-1.575340629,-1.207208395,0.7035467625,0
0.2120421667,6.188431091,-0.7936495972,2.971321106,-1.249744415,-1.350406528,0.5241303444,0
0.2219941667,6.851851501,-1.101559296,4.209097137,-0.7054805756,-1.720466137,0.2752215564,0
0.2319461667,7.077133026,-1.366957397,4.744234314,-0.2305683643,-2.40446043,0.1145109683,0
0.2418991667,6.367309113,-1.678759003,3.716920624,0.005221254658,-3.163900137,0.01779694483,0
0.2518511667,5.413492584,-2.297422485,1.664388885,-0.007147340104,-3.815025806,-0.1031546146,0
0.2618031667,5.385051727,-2.980901184,-0.3183879089,-0.1929135919,-4.361292839,-0.1266711801,0
0.2717551667,5.476361847,-3.141217804,-1.528471527,-0.5743802786,-4.632850647,0.05710744113,0
0.2817081667,4.629273376,-3.808829498,-2.316432953,-1.016308546,-4.515664101,0.3815118074,0
0.2916601667,4.453688507,-5.137616272,-2.235301666,-1.330816388,-4.326943398,0.8120812774,0
0.3016121667,4.567751312,-6.35234024,-0.4490661621,-1.467418432,-4.193955421,1.137326837,0
0.3115651667,5.475014648,-6.608906708,1.075214081,-1.438848376,-4.302718163,1.510248184,0
0.3215171667,5.626499634,-6.029910736,2.434237976,-1.554068446,-4.796728134,2.120471478,0
0.3314691667,5.101690979,-4.429888,3.863914948,-1.911477685,-4.955057621,2.790456533,0
0.3414211667,6.036646729,-1.772314453,5.69475769,-2.192058563,-4.486574173,3.104863405,0
0.3513741667,11.01813766,1.809886322,10.31714539,-2.242208958,-3.974533319,2.906711102,0
0.3613261667,17.89962753,6.75260788,18.07251801,-2.021127224,-3.921511173,2.468783379,0
0.3712781667,23.0944249,14.6844635,27.96574493,-1.423847437,-3.677970886,1.850986958,0
0.3812301667,26.30809204,24.69459732,38.00237366,-0.711222887,-2.449156523,0.9106670022,0
0.3911831667,29.31923035,34.19204727,45.06034653,-0.1664186865,-0.8571605086,-0.2772320211,0
0.4011351667,29.79973114,40.85723694,47.85832809,0.3875193298,0.59199965,-1.443406224,0
0.4110871667,26.13460281,43.47783737,46.42939957,1.107780576,1.508443236,-2.283556938,0
0.4210391667,18.53385864,42.54797104,42.51294388,1.981326342,2.039789677,-2.940062761,0
0.4309921667,12.86424866,37.61482956,37.17908569,2.872467041,2.356056213,-3.297737122,0
0.4409441667,8.486751709,34.27018478,31.98279144,3.654306173,2.631192207,-3.606194973,0
0.4508961667,7.263345795,30.96401001,26.78455124,4.320480347,2.916977406,-4.09802103,0
0.4608491667,9.618248749,27.44617538,22.06711121,4.935693741,3.21452117,-4.83937645,0
0.4708011667,13.30104034,23.45053436,18.09631851,5.458952427,3.381321907,-5.654621601,0
0.4807531667,15.70743622,18.48326385,13.75100464,5.827776432,3.361636639,-6.267988205,0
0.4907051667,15.82688782,12.95091843,9.329349518,5.954534531,3.25194025,-6.672212124,0
0.5006581667,15.21705597,7.697293396,4.902155914,5.912305355,3.14575696,-6.91699791,0
0.5106101667,14.99940857,3.641776886,1.600322113,5.743093014,3.060739756,-7.041517258,0
0.5205621667,14.97066833,0.6116281128,-0.5644761658,5.47140789,2.917502403,-7.097844124,0
0.5305141667,15.30941391,-1.407672729,-2.109114075,5.15569973,2.733489037,-7.125671387,0
0.5404671667,15.97193619,-2.766546936,-2.828667755,4.803654194,2.59924674,-7.137455463,0
0.5504191667,16.69074142,-3.815864868,-2.913840637,4.572210789,2.516468525,-7.197600842,0
0.5603711667,17.60518982,-5.14959137,-2.362686768,4.493541241,2.416725397,-7.265801907,0
0.5703241667,17.70817566,-6.527176666,-1.350042572,4.492254257,2.229405642,-7.177731514,0
0.5802761667,16.49509827,-7.732769623,-0.7990383911,4.58280611,1.944326282,-6.977321148,0
0.5902285417,15.30372574,-9.032217407,-0.5034031677,4.745106697,1.574105859,-6.686834335,0
0.6001805417,13.81746643,-10.19095779,-0.4086502075,4.886564732,1.122479081,-6.320343494,0
0.6101335417,11.74158325,-10.77968353,-0.8258326721,4.850657463,0.6684641242,-5.851849556,0
0.6200855417,9.317524109,-10.60379929,-1.705553284,4.370276451,0.3019129038,-5.228067398,0
0.6300375417,6.687343597,-10.13078293,-3.28911026,3.363666773,0.1027156413,-4.496408463,0
0.6399895417,4.976102142,-9.149124298,-5.242847443,2.045828819,0.03562422842,-3.491503954,0
0.6499425417,3.534001007,-8.345894623,-6.37584137,0.6034457684,-0.06535937637,-2.119881153,0
0.6598945417,2.129621429,-7.989934845,-6.25414444,-0.7327940464,-0.2776251137,-0.6014372706,0
0.6698465417,2.43723175,-7.498357086,-4.826114044,-1.687698364,-0.5325125456,0.7600896955,0
0.6797995417,5.001100159,-7.718249817,-2.294428711,-2.182280302,-0.6672676206,1.749839664,0
0.6897515417,8.564589844,-8.565338287,0.703686676,-2.192756653,-0.8077278137,2.36202836,0
0.6997035417,11.79562088,-9.330996094,3.503015442,-1.718079567,-0.9981257319,2.658171177,0
0.7096555417,13.09387115,-9.953252106,5.553152161,-1.058031678,-1.296853423,3.136315584,0
0.7196085417,10.05189697,-9.974657593,6.002667389,-0.5123148561,-1.799536943,4.248297691,0
0.7295605417,4.685855713,-9.356143799,4.96816864,-0.05207457393,-2.402884007,5.736782074,0
0.7395125417,1.52457962,-9.523196411,3.530857544,0.2629739046,-2.900196314,7.257320404,0
0.7494655417,1.701062622,-10.33196457,1.800306244,0.2456575036,-3.113203764,8.585559845,0
0.7594175417,4.969216461,-10.80049026,-0.3520678711,-0.1526690871,-2.963498354,9.651053429,0
0.7693695417,9.705367584,-10.47910858,-2.470911713,-0.8997762799,-2.671535969,10.40017509,0
0.7793215417,15.09835281,-9.092991028,-3.968846741,-1.950902581,-2.326967239,10.78307247,0
0.7892745417,20.94758926,-6.691085815,-5.052892456,-3.069746733,-1.995220065,10.69641972,0
0.7992265417,27.15233643,-3.675157471,-4.966671753,-4.022653103,-1.860666513,10.15059376,0
0.8091785417,31.77786758,0.2016307068,-3.385210419,-4.620650768,-1.939148545,9.381915092,0
0.8191305417,33.29406464,5.135670319,-0.9060658264,-4.885004997,-2.020474672,8.730488777,0
0.8290835417,31.78445389,10.74809921,2.484683075,-4.788910866,-1.769411683,8.257126808,0
0.8390355417,29.39167969,17.53049515,7.167395325,-4.001213551,-1.278085351,7.472319603,0
0.8489875417,29.48059479,23.49199814,13.56868378,-2.383919001,-1.093819618,6.147760391,0
0.8589405417,29.76664993,27.23197083,20.01113663,-0.5156039596,-1.225413561,4.81045866,0
0.8688925417,25.18078629,28.97719162,21.15505783,0.5227729082,-1.410800219,3.943458557,0
0.8788445417,16.77097458,29.79149826,15.82060089,0.5735100508,-1.143246531,3.552839279,0
0.8887965417,9.117689667,31.16564072,9.867480469,-0.1091380715,-0.4620175958,3.224284172,0
0.8987495417,4.720433807,31.92920288,5.288951569,-1.046911716,0.2543557286,2.860464334,0
0.9087015417,1.870809631,32.72195435,2.71340744,-1.546815515,0.6032455564,2.562171698,0
0.9186535417,-0.5162763977,35.27489548,4.181404724,-1.145225644,0.5371018648,2.019623041,0
0.9286055417,1.19002533,38.51445877,10.18212616,-0.05188077688,0.725029707,0.6638872623,0
0.9385585417,9.580377502,40.82804764,16.52623352,1.569500089,1.438894749,-1.211165547,0
0.9485105417,16.48072815,45.16752365,20.35437286,3.132615328,1.572010756,-2.566921473,0
0.9584625417,14.90255997,48.61904617,19.07752808,3.593540907,0.6377459168,-3.879678726,0
0.9684145417,11.81448166,42.06821869,11.30853378,3.104914904,0.4118903875,-4.675899506,0
0.9783675417,9.961035919,34.53438538,2.782713318,1.857308388,0.5942095518,-5.070454121,0
0.9883195417,8.595575409,32.7146196,-1.134191437,0.6314613819,1.111155033,-5.513361454,0
0.9982715417,12.0421582,30.20299255,-0.9273216248,-0.0007575410418,1.472764611,-6.124009132,0
1.008224542,16.42040359,28.09792007,2.704575806,-0.04420994222,1.674257278,-6.743307114,0
1.018176542,19.21868454,25.03364227,6.448889465,0.302947998,1.874504089,-7.141129494,0
1.028128542,20.15304153,21.26253433,8.556356964,0.9300244451,2.032320261,-7.23543787,0
1.038080542,19.93494507,17.82463348,9.817484436,1.606766224,2.051316023,-7.138130665,0
1.048033542,19.85201752,15.13846939,9.866582336,2.179665089,2.040864229,-7.118879795,0
1.057985542,20.94040421,12.55768616,8.358917542,2.547719717,2.028994083,-7.19392395,0
1.067937542,21.91353058,9.726473694,5.926326141,2.667049646,2.004166365,-7.260085106,0
1.077889542,21.91502747,6.857988739,3.289259949,2.625842094,2.002221107,-7.249066353,0
1.087842542,21.28049698,3.712429962,1.131347351,2.537594795,1.978165388,-7.15681982,0
1.097794542,20.81526443,0.5110372925,0.06661148071,2.515726328,1.936670899,-7.011702061,0
1.107746542,20.69431595,-2.566562805,0.01077758789,2.620391846,1.890228868,-6.84138298,0
1.117699542,20.75538895,-5.384452972,0.3454815674,2.788029432,1.747347474,-6.687218189,0
1.127651542,21.09862518,-7.858059082,0.4312532043,2.942480564,1.543202877,-6.506833076,0
1.137603542,21.29307083,-10.2810704,0.09385482788,3.072816849,1.330026984,-6.309287548,0
1.147555542,20.87978027,-12.48433868,-0.314046936,3.150205135,1.150674582,-6.078717232,0
1.157508542,19.67358856,-14.41667038,-0.6722520447,3.117372274,1.022195458,-5.777091503,0
1.167460542,17.29114288,-16.02013596,-1.204096069,3.01281929,0.9145329595,-5.352132797,0
1.177412542,14.14199158,-16.27281052,-1.701811066,2.862166405,0.767108798,-4.825723648,0
1.187364542,10.29858398,-15.57151886,-2.000440063,2.64265132,0.5514545441,-4.17685318,0
1.197317542,6.275849304,-14.83669693,-2.505639496,2.333175421,0.292909205,-3.357194185,0
1.207269542,2.44426712,-14.7932872,-3.282673645,1.830182314,0.01445468515,-2.349360704,0
1.217221542,-1.116977234,-14.72487946,-4.068988495,1.170415163,-0.2215333879,-1.210829854,0
1.227174542,-3.918850708,-14.09648621,-4.724026337,0.5457854867,-0.3645446301,0.1248191521,0
1.237126542,-6.617139587,-13.28008392,-4.500391388,0.03646653518,-0.5938283205,1.654256701,0
1.247078542,-8.720116425,-11.86792053,-3.613485718,-0.3108115494,-0.9000273943,3.124233246,0
1.257030542,-8.777896271,-10.28825546,-2.629432068,-0.5061054826,-1.170312762,4.32709837,0
1.266983542,-6.445746002,-9.335187378,-2.03007843,-0.6116766334,-1.308781385,5.163881779,0
1.276935542,-3.096460876,-8.786428528,-1.703307953,-0.7414783239,-1.342416286,5.781731606,0
1.286887542,-1.303190002,-8.527167664,-1.913620605,-0.9869067073,-1.46064949,6.737926006,0
1.296839542,-2.478545837,-8.078101501,-2.676434326,-1.147801757,-1.877400398,8.307619095,0
1.306792542,-3.493285675,-7.847580872,-2.547552338,-1.070765734,-2.271024704,10.00773239,0
1.316744542,0.2716850281,-8.025860138,-1.365310822,-1.026898026,-2.205948591,11.42616177,0
1.326696542,8.409662018,-7.063211975,-1.013392639,-1.265558839,-1.719523907,12.14445782,0
1.336649542,19.62972977,-5.013674011,-1.901046753,-1.854246616,-1.066260338,11.89461231,0
1.346601542,30.8619223,-2.117496643,-3.921096039,-2.643838644,-0.6642468572,10.88646984,0
1.356553542,37.76092575,1.678908691,-5.372178497,-3.361525059,-0.8713181615,9.82826519,0
1.366505542,38.22690674,6.666836243,-4.744234314,-3.616220713,-1.511958122,9.113763809,0
1.376458542,34.88450729,11.63246017,-1.719174957,-3.318966389,-2.068381548,8.605240822,0
1.386410542,32.04476257,16.8118396,2.449805603,-2.552419186,-2.102679968,7.90193224,0
1.396362542,30.55820389,20.75958023,7.353458405,-1.522428393,-1.898231268,7.122741699,0
1.406314542,27.81919968,21.46132095,10.43959076,-0.7499548793,-1.67775619,6.595485687,0
1.416267542,22.35735764,21.43422729,9.660760345,-0.5448868275,-1.372829199,6.43532896,0
1.426219542,16.37669449,22.63996994,6.839277649,-0.8099406362,-0.9083424211,6.015454769,0
1.436171542,15.42003387,25.06223282,4.746030579,-1.391255379,-0.4297825396,5.019704819,0
1.446124542,17.6253978,27.11266891,2.934347992,-1.865459681,-0.2606275976,3.732448578,0
1.456076542,17.780625,28.45343079,2.913241882,-1.685701966,-0.3481553495,2.341808081,0
1.466028542,16.20679779,28.86208099,6.262676697,-0.9198065996,-0.5709109306,1.190481067,0
1.475980542,12.40200989,27.74869629,9.699380035,-0.1134260818,-0.7410001755,0.3755639791,0
1.485933542,7.627987518,25.70918747,9.711055756,0.3649444878,-0.7572241426,-0.17389597,0
1.495885542,3.557352448,23.79436935,7.314988403,0.4891811907,-0.6953545809,-0.5046365261,0
1.505837542,0.6256988525,22.5383313,4.971162415,0.2717599273,-0.5510823727,-0.7588525414,0
1.515789542,-0.5297483826,21.84377563,2.75082962,-0.2479807436,-0.3138681352,-0.9200193286,0
1.525742542,-0.3347039795,22.45645157,0.8806187439,-0.8190569878,0.004601973575,-1.045147181,0
1.535694542,1.375040588,24.76180756,0.6438111877,-1.172736883,0.2414168715,-1.247617364,0
1.545646542,4.483177185,28.15405334,2.443518677,-1.205486059,0.5739399791,-1.80898726,0
1.555598542,9.623787231,31.48911804,4.555776215,-0.9090647101,0.8453413248,-2.835961342,0
1.565551542,15.54128174,34.51747055,6.692732391,-0.2869566381,0.9846630096,-4.24290514,0
1.575503542,20.49927155,34.4424765,8.08648407,0.3711161613,0.9411500096,-5.582327843,0
1.585455917,21.59693893,31.86498642,7.422764282,0.7533508539,0.9132829309,-6.264557838,0
1.595408917,18.45931366,27.91500046,4.640799408,0.9341177344,0.9570183158,-6.465016365,0
1.605360917,16.07297607,24.36423431,2.040107574,0.9336655736,1.04841876,-6.495061398,0
1.615312917,15.97957031,21.69408691,-0.09445358276,0.7758774757,1.141483426,-6.538519859,0
1.625264917,17.84424271,19.68915619,-2.065704346,0.5474759936,1.287648201,-6.70235157,0
1.635217917,20.36724609,17.88495804,-3.449127502,0.3063038588,1.431472659,-6.930376053,0
1.645169917,22.26485001,15.83257599,-4.20415741,0.2015769184,1.601777196,-7.143561363,0
1.655121917,23.27270416,12.56187744,-4.348307648,0.378326565,1.670667529,-7.19515276,0
1.665073917,22.63607803,8.761879578,-3.725752258,0.8544771075,1.576551199,-7.040216923,0
1.675026917,20.81032471,4.979694672,-2.677631836,1.507098436,1.391101718,-6.736291409,0
1.684978917,18.78997604,1.400337982,-2.093845825,2.181340694,1.223472834,-6.420928001,0
1.694930917,17.10313385,-1.968556366,-1.957329712,2.710859299,1.14411974,-6.129194736,0
1.704883917,15.2643576,-5.429958344,-2.334994354,3.008045435,1.080193996,-5.727236271,0
1.714835917,12.88281006,-8.760233002,-3.344644775,2.986109018,0.9418489933,-5.112277031,0
1.724787917,10.85497696,-11.45882126,-4.929698639,2.525451899,0.8179646134,-4.317134857,0
1.734739917,9.296417999,-13.44159805,-7.025041351,1.645493388,0.7416952252,-3.410316706,0
1.744692917,8.125702515,-15.1344278,-8.995992737,0.5861487985,0.726121068,-2.569581509,0
1.754644917,7.917335815,-16.48147659,-9.696985016,-0.323348403,0.6662291288,-1.921912909,0
1.764596917,8.399782562,-17.54815842,-8.627608795,-0.9090025425,0.5354061723,-1.466408849,0
1.774548917,8.787775726,-19.01555695,-6.436465302,-1.140950322,0.3423577249,-1.125083804,0
1.784501917,8.422684937,-21.22331589,-4.457580414,-1.034251928,-0.005490262527,-0.7123129964,0
1.794453917,7.020999756,-23.60621063,-2.903661804,-0.6448913217,-0.4616675079,-0.0224936083,0
1.804405917,4.070635071,-25.02615784,-1.506766663,-0.1002858132,-1.018682003,1.106221199,0
1.814358917,0.4134402466,-24.79204468,-0.2165995789,0.4446560442,-1.423151612,2.59250617,0
1.824310917,-1.752705231,-23.89735519,0.6852749634,0.814861536,-1.394182086,4.2135396,0
1.834262917,-1.772763519,-23.26417191,0.5870791626,0.9243872762,-1.029975772,5.797166824,0
1.844214917,0.09639953613,-22.36588989,-0.2643502808,0.755114615,-0.6929873824,7.179302216,0
1.854167917,3.426075439,-20.51379135,-1.388213196,0.4352551103,-0.4817070067,8.22824192,0
1.864119917,7.549550629,-18.12356186,-2.371668091,0.09625866264,-0.4144155979,8.902164459,0
1.874071917,11.71808212,-15.29594193,-2.663860474,-0.255643487,-0.4011645913,9.368404388,0
1.884024917,14.76963638,-11.53546188,-2.543211365,-0.6115720272,-0.359369725,9.755241394,0
1.893976917,16.86318283,-6.139632568,-2.145638123,-1.108089089,-0.1363671869,10.1401825,0
1.903928917,19.22631866,1.091230774,-1.567390594,-1.728198171,0.2660084963,10.28604889,0
1.913880917,23.39125763,9.276958466,-0.8382568359,-2.346837044,0.8551623821,9.938312531,0
1.923833917,28.05525879,18.46754654,0.5484594727,-2.85782814,1.328111291,9.596626282,0
1.933785917,29.15083054,29.47610413,4.117637329,-3.186756849,1.490140319,8.55711174,0
1.943737917,32.66776703,40.46145996,9.171876984,-3.339262247,1.795793891,6.261347294,0
1.953689917,37.8438533,46.48882599,12.47056732,-3.105310202,1.736567497,3.97841835,0
1.963642917,33.71483963,54.60569687,15.93301712,-2.09489584,1.415768147,2.713528633,0
1.973594917,23.87550064,59.28257126,22.23191849,-0.2110586762,1.291499138,2.402019024,0
1.983546917,16.08285553,61.41443802,27.96200272,1.309468627,1.638386846,1.15641892,0
1.993498917,19.16120407,55.46745483,26.51002213,2.213708401,2.310014486,-0.5753093362,0
2.003451917,23.65994888,52.60555618,20.54866882,2.527941465,2.458646774,-2.443863869,0
2.013403917,22.29359024,47.95487732,14.06774597,2.297232628,2.270330429,-3.798568249,0
2.023355917,16.56081161,40.29201233,6.562652893,1.614543915,2.099314928,-4.642185211,0
2.033307917,11.2432695,32.31285507,0.7900570679,0.8549470305,2.087601423,-5.061371326,0
2.043260917,8.058791656,25.05085648,-2.208357697,0.4681172967,2.03190732,-5.242518425,0
2.053212917,6.603068848,19.6704451,-1.646875305,0.5524932146,1.900686502,-5.425640583,0
2.063164917,7.224277039,15.5471196,0.06706054688,0.8632015586,1.718623281,-5.694968224,0
2.073117917,8.688981171,12.37012619,0.7707472229,1.238355517,1.503825426,-5.982590199,0
2.083069917,10.02121078,9.719737701,0.6780899048,1.611607075,1.253216624,-6.242290497,0
2.093021917,10.9831105,7.020850067,0.4806504822,1.892025709,1.064587474,-6.433187962,0
2.102973917,11.62033539,4.684358826,0.016615448,2.022681713,0.9295657873,-6.539450169,0
2.112926917,12.43164825,2.664758606,-0.7417076111,2.069932938,0.8489977717,-6.549341679,0
2.122878917,13.51075424,0.5092410278,-1.369202728,2.144613028,0.7673841119,-6.494724751,0
2.132830917,14.65617233,-1.623523865,-1.541494446,2.266509533,0.6407472491,-6.383478642,0
2.142782917,15.69141953,-3.608845367,-1.511556702,2.401709557,0.5090558529,-6.187105656,0
2.152735917,16.61170578,-5.488336945,-1.503174133,2.642556429,0.3484426439,-5.894844532,0
2.162687917,17.61147675,-7.350314941,-1.279389496,3.023262501,0.1118463725,-5.418675423,0
2.172639917,18.44703918,-9.534423065,-0.9921368408,3.429632902,-0.1542202234,-4.765310287,0
2.182591917,18.88757309,-12.00413727,-1.342857513,3.66176033,-0.3828155994,-4.044179916,0
2.192544917,18.71797577,-14.10801224,-2.719544678,3.574633598,-0.6071166992,-3.239626169,0
2.202496917,17.56836639,-15.36584656,-4.771926727,3.130991459,-0.8456781507,-2.303670883,0
2.212448917,15.88781113,-15.20163803,-6.712491302,2.347126245,-0.9761129022,-1.314499378,0
2.222401917,14.10247375,-14.20785461,-8.241112518,1.240022063,-0.9599112868,-0.3246002197,0
2.232353917,12.38838821,-13.51404739,-9.191486206,-0.0848467052,-0.7436649203,0.6824688911,0
2.242305917,10.62774948,-12.75123367,-9.2658815,-1.315618277,-0.4206229746,1.687278271,0
2.252257917,8.94884079,-12.13286957,-8.3262854,-2.01221776,-0.132603243,2.616669893,0
2.262210917,7.433691559,-12.35530701,-6.072422333,-2.135889769,-0.04265470803,3.606930733,0
2.272162917,4.723128204,-12.52116211,-3.697910156,-1.762044907,-0.3273176551,4.882713795,0
2.282114917,1.404978333,-12.01326828,-1.522184601,-0.9822974801,-0.8564538956,6.458129883,0
2.292066917,-0.9120533752,-11.19521942,0.5792953491,-0.1473663747,-1.256593704,8.112897873,0
2.302019917,0.06346801758,-9.421408081,1.222507782,0.2289984673,-1.184705138,9.590514183,0
2.311971917,4.253554688,-5.702541504,-0.6219566345,0.1314501017,-0.7791553736,10.4572897,0
2.321923917,11.20809265,-0.6979985046,-2.722239075,-0.1218293011,-0.3964407444,10.49947357,0
2.331876917,20.33670959,4.694687347,-3.602109375,-0.3953357339,-0.1903556734,9.569139481,0
2.341828917,28.58934814,10.64601151,-4.210444336,-0.889411509,-0.1694525182,8.269256592,0
2.351780917,30.69307343,17.02245163,-5.516179047,-1.892735004,-0.2776716352,7.633848667,0
2.361732917,25.07690231,24.51407272,-7.057224426,-3.204509974,-0.3986073732,7.445237637,0
2.371685917,18.63699417,31.55528046,-6.68240387,-4.263912201,-0.4670344591,6.811403275,0
2.381637917,16.49449951,34.17363556,-3.249442749,-4.406348228,-0.1785805523,5.682446957,0
2.391589917,16.7627417,35.47083801,3.278482361,-3.439230442,0.03817388788,4.249221802,0
2.401541917,14.99701355,38.48437134,12.58358231,-1.812040687,0.1805315614,2.855940342,0
2.411494917,10.81650696,39.97362442,18.13987793,-0.6580204368,0.3766488731,1.741870761,0
2.421446917,4.788691864,39.54985565,16.17970413,-0.2096423805,0.8066425323,0.7452440262,0
2.431398917,0.2640509033,38.24007935,11.74787018,-0.0603941232,1.344079852,-0.3716900945,0
2.441350917,-1.447040863,35.27414703,9.43907135,0.1746231765,1.778233647,-1.472621441,0
2.451303917,-2.791095886,30.64681961,8.168663177,0.8270690441,1.964030862,-2.31685853,0
2.461255917,-4.796924744,25.68149506,8.570128326,1.721175909,2.052311182,-2.766795158,0
2.471207917,-6.541397095,21.7473761,8.959618378,2.460962772,2.172083139,-3.001326323,0
2.481159917,-5.946983185,19.54844879,7.439230042,2.886111736,2.211486578,-3.323269129,0
2.491112917,-2.38229599,19.35235657,5.011877747,3.016858816,2.164408922,-3.95669198,0
2.501064917,3.116968231,19.45070206,2.813399506,2.850041866,2.047656298,-4.83130455,0
2.511016917,8.308921509,18.99385208,0.6906637573,2.481637239,1.951291442,-5.718530655,0
2.520969917,11.86013672,18.10410233,-0.8529263306,2.106697083,1.845788717,-6.350174904,0
2.530921917,13.38187225,17.76595551,-0.7855664063,1.821355939,1.757864475,-6.717800617,0
2.540873917,14.6685965,17.9385466,0.3399430847,1.659229279,1.699683666,-7.016273975,0
2.550825917,17.34024078,18.05889633,1.393152924,1.594690919,1.651809335,-7.330970287,0
2.560778917,20.53459808,17.05822723,2.173180847,1.725624442,1.525839925,-7.492822647,0
2.570730917,22.95536407,15.23771301,2.940036163,2.132075071,1.328960419,-7.438262939,0
2.580682917,24.38578949,12.11221252,3.574716339,2.667034149,1.05464685,-7.152451992,0
2.590634583,23.812332,8.724906464,3.219954071,3.015352249,0.5779508948,-6.701563835,0
2.600587583,22.011427,6.694828033,2.020947418,3.012470722,0.02187488787,-6.231034279,0
2.610539583,19.95021332,5.405559082,0.3336561584,2.736391783,-0.39585796,-5.635532379,0
2.620491583,17.74919037,4.143084412,-1.381626892,2.267427683,-0.6072189808,-4.860975266,0
2.630443583,15.40177185,2.707868958,-2.866988068,1.696551561,-0.7391616702,-3.990470171,0
2.640396583,13.4767749,1.13269455,-3.950435028,1.139276624,-0.9675825834,-3.129135132,0
2.650348583,11.88019501,-0.6047424316,-4.407584381,0.6113296747,-1.336667299,-2.307410002,0
2.660300583,10.1179097,-2.150428162,-4.143084412,0.1236790717,-1.716264129,-1.503643513,0
2.670253583,8.358169098,-2.992127838,-3.319197693,-0.2553722858,-1.922458291,-0.7595179677,0
2.680205583,7.123686218,-3.508404236,-2.133213959,-0.4680121243,-1.891206622,-0.1150785014,0
2.690157583,6.237828369,-4.254303131,-0.8035290527,-0.4876509309,-1.725322604,0.4527226388,0
2.700109583,5.342540131,-5.129084015,0.3369493103,-0.3368387818,-1.554584742,1.029558301,0
2.710062583,4.121379547,-5.873935089,0.9801617432,-0.06004954875,-1.454393744,1.684504747,0
2.720014583,2.741399231,-6.428831177,1.067430267,0.2833922505,-1.476693392,2.345246553,0
2.729966583,1.989662476,-6.943760376,0.7352709961,0.5742286444,-1.625811696,2.936752081,0
2.739918583,1.947450256,-7.428452454,-0.1555265808,0.752478838,-1.847856998,3.43377018,0
2.749871583,2.688259735,-7.669600983,-1.313368835,0.7733245492,-2.092132092,3.811434031,0
2.759823583,3.760330353,-7.699838104,-2.366279297,0.5850709677,-2.281314373,4.104596615,0
2.769775583,4.903054047,-7.416776733,-3.324436798,0.219498843,-2.365971804,4.303423405,0
2.779728583,6.127358093,-7.076234894,-3.972738647,-0.2142382264,-2.388691902,4.403565884,0
2.789680583,7.225773926,-6.929390259,-4.06135437,-0.596259892,-2.401030779,4.459578037,0
2.799632583,7.773784332,-6.919061737,-3.623065796,-0.8230019808,-2.441775084,4.528354645,0
2.809584583,7.717651062,-7.001689911,-2.572101288,-0.7090958953,-2.547358036,4.674934387,0
2.819537583,7.259902954,-7.303761749,-0.8096662903,-0.2795621455,-2.685534239,4.92215538,0
2.829489583,6.884184265,-7.527696075,1.098415833,0.2971356511,-2.722684145,5.245844841,0
2.839441583,6.723568268,-7.460934906,2.076631622,0.7624873519,-2.576422691,5.693588257,0
2.849393583,6.808292084,-6.949598236,1.733395386,0.8651191592,-2.330734253,6.287568569,0
2.859346583,6.998845825,-5.4690271,0.03562591553,0.5426814556,-2.06675148,7.00440073,0
2.869298583,7.989036713,-2.872825928,-1.979034576,-0.1873430163,-1.681086063,7.701867104,0
2.879250583,10.18003052,1.2063414,-3.270099792,-1.09529376,-1.090674162,8.141657829,0
2.889202583,13.82674713,7.10946579,-2.928061066,-1.811641216,-0.4411897957,8.150924683,0
2.899155583,19.09728699,14.49196381,-0.5421725464,-2.220084906,0.08796298504,7.422944069,0
2.909107583,24.44282089,21.82117264,1.963616638,-2.380037308,0.2529307902,6.303578854,0
2.919059583,25.84615265,27.34274048,3.174897766,-2.430732489,0.05471757054,5.520492554,0
2.929012583,22.48758682,32.79874466,3.71617218,-2.485559702,-0.1186582893,5.054907799,0
2.938964583,19.03366928,37.60659668,4.376000061,-2.531513214,0.02030253038,4.287467003,0
2.948916583,19.48393295,40.14486832,5.554499359,-2.356729746,0.4217787385,3.262134314,0
2.958868583,20.43206131,40.53974716,7.093149719,-1.687832236,0.8007659912,2.293168306,0
2.968821583,18.81916534,40.84780655,9.810449066,-0.7567948699,1.008538604,1.537852287,0
2.978773583,15.72719513,41.13026917,11.43532013,-0.04556763172,1.19341135,0.7781991959,0
2.988725583,14.15516418,41.31064407,9.866282959,0.2020290792,1.425263047,-0.3029354215,0
2.998677583,14.72907074,40.70425507,6.321803741,0.06615486741,1.639990449,-1.51710093,0
3.008630583,14.06295593,38.07332611,2.468367004,-0.1879087836,1.712192178,-2.483766079,0
3.018582583,10.37417679,33.94521057,-0.2348616028,-0.2467135191,1.628782511,-3.151030302,0
3.028534583,6.334227905,29.1499324,-0.6447093201,0.02954927832,1.526873231,-3.531437159,0
3.038486583,3.265609131,24.81809052,0.4083508301,0.5110328197,1.506670833,-3.75774622,0
3.048439583,1.702559509,21.9304454,1.427581329,1.008690357,1.570194483,-4.023696899,0
3.058391583,2.067650299,19.85695724,1.400038605,1.381627917,1.671843529,-4.412520409,0
3.068343583,3.542533264,18.29525482,0.4490661621,1.590068936,1.784532428,-4.885840893,0
3.078295583,5.313949585,17.10567856,-0.6803352356,1.708200097,1.880627751,-5.381901741,0
3.088248583,7.008575592,15.9120607,-1.438508606,1.842929959,1.896335125,-5.884390831,0
3.098200583,8.829838257,14.54435486,-1.4837146,2.033575296,1.842360377,-6.319845676,0
3.108152583,10.43749512,13.21227493,-1.112935638,2.170575857,1.75659287,-6.66044569,0
3.118104583,12.10832062,12.02823715,-1.08703949,2.129801512,1.698592424,-7.011532784,0
3.128057583,14.59599747,10.79360458,-1.772763519,1.877821326,1.69176352,-7.43698597,0
3.138009583,17.24878098,9.281000061,-2.862796783,1.483424783,1.686130404,-7.866845608,0
3.147961583,19.11345337,7.374714203,-3.55121521,1.051330209,1.691819906,-8.140407562,0
3.157914583,19.66595444,5.525010681,-3.403322754,0.6998089552,1.711679697,-8.225698471,0
3.167866583,19.78076569,4.283193054,-2.526146851,0.4972403347,1.742134452,-8.133458138,0
3.177818583,19.93763947,3.201991425,-1.238973541,0.4857610464,1.75589323,-7.902851105,0
3.187770583,20.15378998,2.162103882,0.1815724182,0.7974584103,1.768576741,-7.615115166,0
3.197723583,20.531754,0.9524693298,1.966311035,1.532124519,1.725518227,-7.286970615,0
3.207675583,20.39598633,-0.9050180054,3.938010864,2.519629717,1.529337287,-6.906987667,0
3.217627583,19.01855072,-3.398981781,4.872367859,3.448964119,1.19498384,-6.472352028,0
3.227579583,16.00696335,-5.680237885,4.166735229,3.889557362,0.6053214669,-5.78775692,0
3.237532583,12.12927704,-6.325096893,2.219584351,3.701826334,-0.1542072296,-4.680824757,0
3.247484583,9.0283255,-5.376818848,0.07125183105,3.004052639,-0.6484906077,-3.467890501,0
3.257436583,8.009394379,-4.564009094,-2.080673218,1.95694232,-0.7236875892,-2.484322548,0
3.267388583,8.655750275,-4.50128952,-3.941453705,0.7108851671,-0.5218951106,-1.736339569,0
3.277341583,8.872649231,-4.846172333,-4.855602722,-0.4723234773,-0.2671533823,-1.112537026,0
3.287293583,7.1889505,-5.829627228,-4.712051239,-1.364263058,-0.234308064,-0.3715018034,0
3.297245583,3.461401978,-6.865772552,-3.46694046,-1.757401824,-0.5404224992,0.6810467839,0
3.307198583,-1.156644745,-7.44057724,-1.243164825,-1.564181685,-1.089115381,2.03177619,0
3.317150583,-4.897066498,-7.84428772,1.64627655,-0.8824598193,-1.66184175,3.559576273,0
3.327102583,-6.498436432,-8.262817383,4.158352661,-0.0394965671,-1.905680537,5.092954636,0
3.337054583,-5.473218384,-8.748257904,4.785997467,0.5717796087,-1.727988839,6.460478783,0
3.347007583,-2.770887909,-8.661438446,3.35467392,0.7758637667,-1.397841811,7.488876343,0
3.356959583,1.21217926,-7.979456635,0.9857002258,0.6681357026,-1.121724725,8.165785789,0
3.366911583,5.411396942,-7.34223175,-1.283730469,0.3172895312,-0.9642928839,8.613089561,0
3.376863583,8.749754791,-6.502478027,-3.215463409,-0.2877111733,-0.9287654757,8.984723091,0
3.386816583,11.09432922,-5.1027388,-4.954846344,-1.120008111,-0.9966102242,9.223145485,0
3.396768583,13.28083237,-2.925366669,-6.309379578,-1.992863178,-1.160919905,9.226950645,0
3.406720583,15.89020615,0.2023791504,-6.602170715,-2.674832344,-1.399954796,8.943762779,0
3.416672583,18.45167953,3.739822998,-5.25841507,-2.808658838,-1.518143177,8.368300438,0
3.426625583,20.54926758,7.417525177,-1.818568268,-2.314860344,-1.426611423,7.528053761,0
3.436577583,21.199216,11.91941345,2.630928955,-1.293390751,-1.313177466,6.633327961,0
3.446529583,19.40145447,15.63214279,6.59812912,0.0429539755,-1.328565955,5.76788044,0
3.456482583,16.83354446,18.05470505,8.874146118,1.091604233,-1.334332228,5.051456451,0
3.466434583,13.13383804,19.44441513,7.604785767,1.318714976,-1.156815171,4.512689114,0
3.476386583,9.562414856,19.3837912,3.399430847,0.9280425906,-0.7174987793,4.215169907,0
3.486338583,6.365363159,20.72395432,-0.3891906738,0.1713647544,-0.4053974748,3.895092249,0
3.496291583,4.959337006,22.47621048,-2.42555603,-0.5549336076,-0.2734562159,3.33176446,0
3.506243583,5.132377167,23.88642792,-2.808759155,-1.177701354,-0.2474808246,2.610318899,0
3.516195583,5.005740509,24.5514949,-1.95987442,-1.627470136,-0.1195910424,2.099966288,0
3.526147583,2.98135025,24.31483704,-0.7147636414,-1.640258074,0.006132422015,1.864604473,0
3.536100583,0.5881269836,25.00235733,2.242486725,-1.179567456,0.1903113127,1.611074448,0
3.546052583,0.3113525391,26.88678864,6.014642487,-0.4423352778,0.3828795552,1.172314167,0
3.556004583,1.674717407,30.72405899,8.523724823,0.1198998392,0.7132892013,0.5849478245,0
3.565956583,3.720363464,35.47008957,8.687334595,0.3307241201,1.172217488,-0.2679056227,0
3.575909583,6.971452789,39.55868729,6.839876404,0.2232937813,1.486425281,-1.522078156,0
3.585861792,11.13324829,40.73838409,4.175417175,-0.1519808173,1.554781914,-2.821352243,0
3.595813792,13.17515213,38.85754532,0.9490264893,-0.6403960586,1.557779312,-3.73762536,0
3.605765792,11.46720383,36.17018372,-0.8402027893,-0.9045313001,1.597037673,-4.190328598,0
3.615718792,9.474547577,33.65601196,0.09804611206,-0.8719459772,1.73138237,-4.458984852,0
3.625670792,10.01193008,31.57818283,1.99969162,-0.6744574904,1.961888433,-4.862028122,0
3.635622792,12.81829422,29.3211763,2.882106628,-0.3969470561,2.20708251,-5.373991489,0
3.645574792,15.47152679,26.79158661,2.852168884,-0.0566553399,2.378691673,-5.842877388,0
3.655527792,16.69538177,23.85574173,2.46417572,0.3248922825,2.479631662,-6.245699406,0
3.665479792,17.21315506,20.31575317,1.85105072,0.7034134269,2.534003019,-6.539369583,0
3.675431792,17.17498444,16.43192963,1.049467621,1.061777353,2.535831213,-6.702310085,0
3.685384792,16.91377762,12.55334518,0.08622070312,1.438356042,2.487648726,-6.760316372,0
3.695336792,16.72352325,8.824150085,-0.8533753967,1.834685802,2.34557271,-6.736056328,0
3.705288792,16.37070694,5.153183899,-1.617536316,2.180721283,2.120917082,-6.652994156,0
3.715240792,15.93451401,1.388512573,-2.442470856,2.486990452,1.930172324,-6.523539543,0
3.725193792,15.37273224,-2.010319519,-3.211122437,2.741428137,1.729255915,-6.300307274,0
3.735145792,14.63820969,-4.815635834,-3.676953735,2.928597689,1.46430552,-5.963252068,0
3.745097792,14.17237839,-6.776707764,-3.970493317,2.973366737,1.185586929,-5.561131477,0
3.755049792,14.03466476,-8.072862396,-4.473148041,2.801708698,0.917198658,-5.152050495,0
3.765002792,14.21384216,-9.044342194,-5.227579193,2.469532251,0.7117828727,-4.747032166,0
3.774954792,14.62219299,-10.04321503,-5.800437927,2.034582376,0.5649734735,-4.374987602,0
3.784906792,14.87247253,-11.0534642,-5.859415283,1.553545833,0.4047389925,-4.040833473,0
3.794858792,14.62623459,-12.19499039,-5.422922974,1.111801147,0.2143850327,-3.745040655,0
3.804811792,13.90129211,-13.12710205,-4.52359314,0.7999239564,0.0242492184,-3.400434256,0
3.814763792,12.36638397,-14.08525955,-3.256777496,0.6324601173,-0.1412910074,-2.913238049,0
3.824715792,10.05998016,-15.41748917,-2.015109558,0.6127871871,-0.3302380145,-2.288434267,0
3.834668792,7.194039917,-16.74328217,-1.111139374,0.6611731052,-0.6286806464,-1.39010644,0
3.844620792,3.307072906,-17.23875183,-0.6014492798,0.7273415923,-0.9427480698,-0.03666959703,0
3.854572792,-1.327439575,-16.75944855,-0.230969696,0.7800873518,-1.131372333,1.77503252,0
3.864524792,-5.821394348,-15.50954773,0.273331604,0.8056459427,-1.129421949,3.824071407,0
3.874477792,-7.801476746,-13.9453006,0.7870632935,0.7305469513,-0.9332512021,5.781565189,0
3.884429792,-6.199957123,-12.59286301,0.6562353516,0.5362930298,-0.5993492007,7.394792557,0
3.894381792,-1.653910675,-11.01649109,-0.07334747314,0.3683036864,-0.281878829,8.500662804,0
3.904333792,4.088747406,-8.918154602,-0.7327262878,0.3079606593,-0.2479808331,9.142552376,0
3.914286792,9.606123962,-5.989345093,-1.066232758,0.2804683149,-0.4657360613,9.419095993,0
3.924238792,14.0195462,-2.875819702,-1.364861755,0.2455896884,-0.7403467894,9.591233253,0
3.934190792,17.24488907,-0.5397775269,-1.851799164,0.09652671218,-0.6942983866,9.895310402,0
3.944142792,19.44935486,2.329904938,-2.555336151,-0.3319011927,-0.2292036265,10.30273342,0
3.954095792,21.85964264,7.006180573,-3.753893738,-1.01037395,0.4340949655,10.55156803,0
3.964047792,24.83844818,12.81305511,-4.840484161,-1.608604908,0.6434280872,10.30178738,0
3.973999792,28.60491577,20.38520874,-4.517306213,-1.593904972,0.4701313674,9.153276443,0
3.983952792,32.64546341,27.92278427,-1.383722534,-0.9886342287,0.2420444041,7.335920811,0
3.993904792,33.16832611,32.93556015,1.85808609,-0.3736429811,-0.1449411362,6.065900326,0
4.003856792,25.42807205,35.58100891,2.357297974,-0.1768894345,-0.528557241,5.437845707,0
4.013808792,16.64014664,36.91024475,1.005010071,-0.3128230274,-0.4559139311,4.696387768,0
4.023760792,13.50356918,36.23784302,-0.03382965088,-0.581653893,-0.1327828467,3.985944748,0
4.033713792,11.50312912,35.44598969,-0.6403683472,-0.81138587,0.02293962985,3.288005352,0
4.043665792,9.247320099,36.50039703,-0.6212081909,-1.155208707,0.004386184737,2.327253342,0
4.053617792,8.927435303,37.51902878,-1.287772064,-1.616629243,-0.06221494824,0.9251060486,0
4.063570792,10.02300705,36.55218933,-2.803969116,-1.704090476,-0.2255685627,-0.6504771709,0
4.073522792,9.312285004,33.31696701,-1.727258148,-1.266816258,-0.5059937835,-1.940926909,0
4.083474792,5.510939941,28.36676102,1.191671906,-0.6811252832,-0.7785269618,-2.675979137,0
4.093426792,0.3995191956,23.22660004,2.177222443,-0.2898259759,-0.9408069253,-2.912563324,0
4.103379792,-3.606749725,19.49575836,1.408870239,-0.2125027776,-0.9159633517,-2.871326923,0
4.113331792,-4.778812408,17.87702454,0.09550140381,-0.4287922084,-0.6951926351,-2.830941677,0
4.123283792,-3.077450409,18.60226639,-1.107097778,-0.8326083422,-0.4823470414,-3.227048159,0
4.133235792,1.705104218,19.67598358,-2.067799988,-1.281881452,-0.3053048849,-4.016330719,0
4.143188792,6.831643524,19.11854279,-2.893482971,-1.720475554,-0.1785079241,-4.80827713,0
4.153140792,9.002279663,18.0274617,-3.104095001,-2.009079456,-0.03989278525,-5.371605873,0
4.163092792,9.327553253,16.34451141,-2.321522369,-2.00726366,0.1724551618,-5.588724613,0
4.173044792,8.665779419,14.86588623,-0.5348377991,-1.70135057,0.3681668937,-5.625846863,0
4.182997792,8.537945251,14.12612457,1.48715744,-1.203513026,0.5676203966,-5.818603039,0
4.192949792,10.43704605,13.15494415,2.678679657,-0.6067316532,0.8276264071,-6.115240574,0
4.202901792,12.05592957,11.84621567,2.749931488,-0.05805089697,1.018384695,-6.323246479,0
4.212853792,12.79838562,11.33697464,2.270478516,0.3580419123,1.186458945,-6.547208786,0
4.222806792,14.20905212,10.42267593,1.293160858,0.6565828323,1.384208083,-6.87815237,0
4.232758792,15.51299057,8.016729126,-0.1552272034,0.874866426,1.526312232,-7.073582172,0
4.242710792,14.79882568,5.146447906,-1.647923126,1.01810348,1.518558621,-6.928666592,0
4.252662792,12.33509903,2.72044281,-2.496508484,1.055718541,1.416423798,-6.493070602,0
4.262615792,9.592651978,0.4032614136,-2.962339783,1.068459392,1.357163429,-5.777142525,0
4.272567792,7.044201508,-1.529219971,-3.29494812,1.207962394,1.367864609,-4.825123787,0
4.282519792,5.088967438,-3.405119019,-3.294349365,1.509423018,1.374742031,-3.684891224,0
4.292472792,3.450025635,-5.497767334,-3.170556793,1.885979295,1.30361557,-2.372380733,0
4.302424792,1.982926483,-6.966213684,-3.573219452,2.219305277,1.160384893,-0.9882853627,0
4.312376792,1.311273193,-7.441175995,-4.446204071,2.333453655,0.9662851691,0.2699714005,0
4.322328792,1.885479126,-7.358547821,-5.856870575,2.120630741,0.7903459072,1.297910333,0
4.332281792,3.218008118,-7.389533386,-7.811206512,1.586074591,0.6305895448,2.06132865,0
4.342233792,4.941074982,-7.590565338,-9.574090576,0.7821050882,0.5051474571,2.566632509,0
4.352185792,6.264772339,-7.733368378,-11.02756805,-0.1886013895,0.4055527151,3.007728815,0
4.362137792,6.226901093,-7.770341492,-11.69607788,-1.127153397,0.2571295798,3.590977907,0
4.372090792,4.836741943,-7.643255768,-11.05451202,-1.831840038,0.01507542655,4.347421646,0
4.382042792,3.586092682,-7.616611176,-9.294172668,-2.261723518,-0.2242088765,5.099347591,0
4.391994792,3.649111633,-7.895630951,-7.413184204,-2.429298639,-0.4393512607,5.726476192,0
4.401946792,4.811743927,-7.835007019,-5.624104614,-2.349072933,-0.6235283613,6.148447037,0
4.411899792,6.651118927,-7.214996338,-3.992497559,-2.094639063,-0.7733857632,6.334114075,0
4.421851792,8.695118408,-6.159690857,-2.711760864,-1.716558218,-0.9030057192,6.270901203,0
4.431803792,10.45276337,-4.661456451,-1.803898773,-1.252242565,-1.006052732,5.975125313,0
4.441756792,11.63590302,-3.092119904,-1.208287354,-0.754242897,-1.080019951,5.545433998,0
4.451708792,11.80490158,-1.680854645,-0.827479248,-0.3319123983,-1.121935725,5.178552151,0
4.461660792,10.57805283,-0.220790863,-0.7911048889,-0.1176577806,-1.075026155,5.012742996,0
4.471612792,8.289312286,0.9687854004,-1.242117004,-0.1395920962,-0.9277790785,5.09941721,0
4.481565792,5.668861542,2.412084045,-1.500479736,-0.2641893327,-0.6697405577,5.317219734,0
4.491517792,3.989503784,4.940925293,-0.6869215393,-0.3317153752,-0.1865232736,5.460361958,0
4.501469792,4.116589508,8.268655243,1.016236725,-0.2482958734,0.3560516834,5.360097885,0
4.511421792,5.353018341,12.27028381,2.941533051,0.05016457289,0.7297586799,4.916136265,0
4.521374792,6.779851227,17.09520035,4.969216461,0.4463641047,0.9707244039,4.339360714,0
4.531326792,6.522236938,22.7254422,6.401138763,0.8472582102,1.187358141,3.901801586,0
4.541278792,4.954846344,29.3503656,7.348368988,1.333151698,1.508956194,3.272660255,0
4.551230792,6.120322723,36.66999435,8.941056976,1.915475249,1.898087382,2.192856789,0
4.561183792,9.53966217,42.92174377,10.27104126,2.514237404,2.183295727,0.8842254877,0
4.571135792,12.29767685,47.9219458,10.20323227,3.044807196,2.191810131,-0.6206703782,0
4.581087792,14.7109584,50.12506439,8.637937317,3.240609169,1.908975363,-2.253879309,0
4.591039917,16.44734756,48.03511047,5.00918335,2.794953585,1.627030253,-3.646444559,0
4.600992917,15.30237854,43.72811691,-0.3165916443,1.802039027,1.477290988,-4.416023731,0
4.610944917,12.18960159,39.45674927,-4.479884033,0.8285524249,1.470340371,-4.661472321,0
4.620896917,10.76411591,36.13545593,-4.906347198,0.4156009853,1.50763166,-4.808850288,0
4.630848917,13.0016629,33.6953801,-2.33200058,0.6129680872,1.364954472,-5.101938248,0
4.640801917,17.61970963,31.86319016,0.5077441406,1.21208024,1.070421696,-5.615742683,0
4.650753917,22.72918442,29.33539673,2.110161896,1.867441058,0.7241156101,-6.152031422,0
4.660705917,26.00272705,25.58719116,1.711241455,2.182916164,0.3563601077,-6.557674885,0
4.670657917,26.61570236,21.48616928,-0.6900650024,2.054753304,-0.01507497765,-6.793599129,0
4.680610917,25.76936234,17.23066864,-3.544628906,1.582913041,-0.3870379031,-6.837994576,0
4.690562917,24.2661882,12.70018982,-5.448669434,0.9310642481,-0.6484804749,-6.702980995,0
4.700514917,22.48743713,8.070467377,-6.271957397,0.3069938123,-0.7422218919,-6.425756454,0
4.710466917,20.55091415,3.692970428,-6.245163116,-0.1010839567,-0.7824785113,-6.047928333,0
4.720419917,18.59433289,-0.5203179932,-5.221292267,-0.2165509313,-0.8794417381,-5.63022089,0
4.730371917,17.14833984,-4.656067657,-3.95133316,-0.1001819819,-0.9559332728,-5.267034531,0
4.740323917,15.96609833,-8.662486267,-3.016976166,0.09249399602,-1.021216393,-4.966384888,0
4.750276917,14.64045502,-11.90519302,-2.410587158,0.2440970987,-1.138529658,-4.585589409,0
4.760228917,12.80332535,-14.27012512,-2.120640106,0.3330938518,-1.269269466,-4.062972069,0
4.770180917,11.03370529,-15.22364227,-1.843715973,0.4133910835,-1.367427707,-3.449450731,0
4.780132917,9.687255249,-15.76955704,-1.452878723,0.4979118705,-1.440909505,-2.841618299,0
4.790085917,8.915609894,-16.50138519,-1.262324982,0.5601416826,-1.498470187,-2.214692593,0
4.800037917,8.476423187,-17.27437775,-1.372046814,0.6283863187,-1.535441875,-1.573396802,0
4.809989917,8.027207336,-17.81684967,-1.445843353,0.7065383792,-1.563248396,-0.9279822111,0
4.819941917,7.284152527,-17.98016006,-1.377285919,0.7996138334,-1.612798095,-0.2666013241,0
4.829894917,6.349645844,-17.77373932,-1.292711792,0.905269146,-1.685010791,0.4240343869,0
4.839846917,5.08522522,-17.54606277,-1.309776306,0.983710587,-1.820961356,1.193021417,0
4.849798917,3.572171631,-17.24264374,-1.469045105,0.970641911,-1.995692968,2.127133608,0
4.859751917,1.916913757,-16.81273773,-1.891316986,0.8778242469,-2.068732262,3.269768715,0
4.869703917,0.5522016907,-16.30559235,-2.231110382,0.7618185878,-1.950557947,4.583411694,0
4.879655917,0.01077758789,-15.56747726,-2.155517578,0.6307646036,-1.707802057,6.008622169,0
4.889607917,0.7566764832,-14.38927734,-1.921853485,0.4307676256,-1.401054144,7.37083149,0
4.899560917,3.473526764,-12.29333588,-2.140399017,0.1734159738,-1.016128063,8.471343994,0
4.909512917,7.760162659,-9.053622894,-2.730172577,-0.09591510147,-0.6932578683,9.256734848,0
4.919464917,12.67040176,-4.564907227,-3.22474411,-0.278208673,-0.3196148276,9.618048668,0
4.929416917,17.98749481,1.341510315,-3.447181549,-0.442869544,0.1157893687,9.419852257,0
4.939369917,23.31970642,8.042325897,-3.457210693,-0.6305964589,0.721611619,8.770032883,0
4.949321917,27.22239075,16.72576859,-3.434308319,-0.8247318268,1.060631514,8.209115982,0
4.959273917,26.65611832,26.31587585,-2.339784393,-1.192998052,0.6703452468,7.712014675,0
4.969225917,24.40809311,35.09721497,-1.303339691,-1.719789147,0.2332800478,6.875895977,0
4.979178917,22.67664368,40.13798264,-1.614243164,-2.271425486,0.07507062703,5.936583042,0
4.989130917,20.2290834,44.33779907,-0.5287005615,-2.494170427,0.3445588052,5.002076149,0
4.999082917,17.51687347,47.73438583,3.192411346,-2.28524518,0.7340285182,3.917202711,0
5.009034917,14.62578552,48.67532913,6.783892822,-1.867285252,0.9202362299,2.75724864,0
5.018987917,11.01589233,48.55288376,8.311915283,-1.670658231,0.9647911787,1.646825552,0
5.028939917,7.28969101,47.51823532,7.385342102,-1.816392779,1.170900941,0.5650552511,0
5.038891917,4.730762329,44.61187912,5.037324829,-1.989139557,1.427677393,-0.5420734882,0
5.048843917,3.053200836,40.37778397,4.225562897,-1.914267659,1.677212834,-1.540995955,0
5.058796917,0.969533844,35.21876221,4.866679688,-1.487891316,1.903664231,-2.377164841,0
5.068748917,-1.053658905,29.79134857,5.916296997,-0.7540618777,2.134933949,-3.06171298,0
5.078700917,-2.38109848,24.37950256,6.632707214,0.09102232009,2.471149921,-3.506293058,0
5.088652917,-3.235222321,19.95126114,6.249204712,0.8934229016,2.994229555,-3.883745193,0
5.098605917,-1.910477142,16.45079041,4.070186005,1.438544512,3.324741125,-4.353877068,0
5.108557917,0.9174421692,13.77360764,0.2396516418,1.713796377,3.303520679,-4.866407871,0
5.118509917,3.734583893,11.62407761,-3.982767792,1.715473413,2.621016741,-5.333150387,0
5.128461917,5.438041534,10.45994843,-5.707930298,1.71754396,1.902676105,-5.805129528,0
5.138414917,7.333250427,10.2226918,-3.49268692,1.679738164,1.774006486,-6.253009796,0
5.148366917,10.30726593,9.663305054,-1.488654327,1.487875342,2.156165123,-6.669156551,0
5.158318917,13.12994614,8.040978699,-2.157164154,1.051109195,2.51885891,-7.007245064,0
5.168271917,14.49301163,6.539002075,-3.387755127,0.6064531803,2.736596584,-7.241587639,0
5.178223917,14.5822261,6.65426239,-3.18612442,0.3705965281,2.853301764,-7.370635033,0
5.188175917,14.51741089,7.760911102,-1.509910126,0.3098383844,2.926125765,-7.409619331,0
5.198127917,14.70482117,7.998616791,0.1149609375,0.4275879264,2.985066414,-7.352627754,0
5.208080917,14.99641479,7.433990936,1.534608765,0.8434063792,2.917860508,-7.234437943,0
5.218032917,15.13457748,6.439908142,3.226390686,1.689811468,2.721568823,-7.079596519,0
5.227984917,15.01722153,4.87925354,4.95065506,2.817132235,2.389661074,-6.811133862,0
5.237936917,14.06160873,3.389401703,5.817801819,3.842093945,1.94047606,-6.444767475,0
5.247889917,12.04829544,1.875749359,4.785997467,4.423463345,1.286868095,-5.898504257,0
5.257841917,9.976004791,0.5930667114,2.112257538,4.588974476,0.515324533,-5.055531979,0
5.267793917,8.668324127,-0.6965016174,-0.6330335999,4.388798237,-0.2149299234,-4.019898415,0
5.277745917,7.837402039,-2.449955292,-3.179388428,3.764281034,-0.8960664272,-2.903562069,0
5.287698917,6.978039093,-4.050277405,-5.597759399,2.686177015,-1.511241436,-1.749171495,0
5.297650917,5.732329559,-5.258265381,-7.413782959,1.37024343,-1.892315269,-0.5535241961,0
5.307602917,4.02977005,-5.994584198,-8.131390686,0.05505143106,-2.06951189,0.7227757573,0
5.317554917,2.552342377,-6.308631134,-7.201674042,-0.9316946864,-2.024050236,1.994305015,0
5.327507917,1.708397369,-6.822512512,-4.921166382,-1.369971871,-1.83299911,3.151729345,0
5.337459917,1.483864288,-7.552544403,-2.056872711,-1.214788675,-1.689223766,4.262275696,0
5.347411917,1.182540894,-8.285121002,0.7132667542,-0.5417102575,-1.68532896,5.347019672,0
5.357363917,0.9659413147,-8.818012848,3.068618774,0.5055223107,-1.721322179,6.273571014,0
5.367316917,1.761536865,-8.85872818,4.171076202,1.586236,-1.746620893,6.998373508,0
5.377268917,3.789669342,-8.649912415,3.402723999,2.197629452,-1.761300683,7.59821701,0
5.387220917,6.116281128,-8.161627808,0.6331832886,2.266627789,-1.732617021,8.017352104,0
5.397172917,8.521180115,-7.078629913,-2.589165802,1.808060288,-1.692527294,8.207403183,0
5.407125917,10.8889563,-5.803880768,-5.406008148,0.9438424706,-1.619920969,8.24018383,0
5.417077917,12.69989044,-4.296066284,-7.603139191,-0.1265587807,-1.578993082,8.183357239,0
5.427029917,13.79171997,-2.279160461,-8.449778595,-1.051715612,-1.679400682,8.045913696,0
5.436982917,14.79448471,-0.0470022583,-7.468718719,-1.525264621,-1.866425633,7.830154896,0
5.446934917,15.71866287,2.533032532,-4.716392212,-1.604307771,-1.802963853,7.567439556,0
5.456886917,16.18374573,6.351741486,-1.883982239,-1.53198421,-1.445488095,7.206039906,0
5.466838917,15.89769058,11.67572021,0.6701564026,-1.35067749,-1.08308351,6.771634102,0
5.476791917,14.72951981,17.43888565,3.272794189,-0.8845923543,-0.8103003502,6.115030766,0
5.486743917,13.76327911,22.40061768,6.513405304,-0.3083077371,-0.5302769542,5.197798252,0
5.496695917,12.90361679,26.63141968,9.110504608,-0.08757783473,-0.2553426623,4.216632843,0
5.506647917,11.17965179,30.11991531,8.52761673,-0.3429478109,-0.06221129373,3.3675282,0
5.516600917,8.164471893,32.57720535,6.523135071,-0.6287698746,0.2192536294,2.588226318,0
5.526552917,5.773493958,34.99422913,6.958429871,-0.7103515267,0.6904647946,1.929417133,0
5.536504917,3.999682617,37.23671585,8.785829773,-0.5321410298,1.245950818,1.304574966,0
5.546456917,3.115770721,39.43998413,10.39184006,-0.09326221049,1.738046527,0.591620326,0
5.556409917,3.622467041,41.57200058,11.11648315,0.508803606,2.139897346,-0.3561797142,0
5.566361917,5.313650208,43.29357056,10.73777069,1.125819683,2.368715525,-1.734228969,0
5.576313917,8.108937378,42.91126556,8.872200165,1.533744335,2.281033993,-3.059021235,0
5.586265417,8.810079346,40.06837738,5.270839233,1.5895046,2.049945116,-4.00810194,0
5.596218417,7.504045258,35.87320129,1.152902527,1.273638368,1.871435523,-4.656850815,0
5.606170417,6.812932434,30.88287872,-2.722388763,0.6644423604,1.774502516,-5.048532486,0
5.616122417,6.563700714,26.50837555,-5.599405975,-0.02811317891,1.726049185,-5.227934361,0
5.626074417,6.695426788,23.74497208,-6.725514221,-0.578481257,1.769180059,-5.409801483,0
5.636027417,8.146359558,21.19412659,-6.424490204,-0.8536795378,1.876229882,-5.523088932,0
5.645979417,9.149124298,18.46664841,-5.560037842,-0.8118146658,1.935076714,-5.510847569,0
5.655931417,9.469907227,16.36307281,-4.163741455,-0.4879996181,1.969762206,-5.481222153,0
5.665883417,10.43195663,14.33598816,-2.879412231,0.05937133729,2.005612135,-5.503964424,0
5.675836417,12.08227478,12.04230789,-2.004182281,0.7988627553,2.018613577,-5.544935226,0
5.685788417,13.53440506,9.190139008,-1.613644409,1.658478737,1.919942141,-5.422827244,0
5.695740417,13.98451904,5.914351044,-1.981728973,2.429462194,1.682084918,-5.138288975,0
5.705692417,14.05472305,2.116598511,-3.140169983,2.940080643,1.422974586,-4.74868679,0
5.715645417,14.03436539,-1.551972656,-4.9939151,3.099097967,1.162395477,-4.262520313,0
5.725597417,14.13630341,-4.850662994,-7.034771118,2.905422688,0.9564672709,-3.725780964,0
5.735549417,14.3328447,-7.520960083,-8.667425995,2.371472836,0.8447266817,-3.203702688,0
5.745502417,14.44675781,-9.551637268,-9.788744202,1.557370543,0.8882189989,-2.704007149,0
5.755454417,14.18480255,-11.18519028,-10.59811111,0.7044749856,1.060786009,-2.224462509,0
5.765406417,13.38621323,-12.79479309,-10.70109695,0.01526434999,1.136508703,-1.749057651,0
5.775358417,12.09649521,-14.10471909,-9.673034821,-0.4582542181,0.9863187075,-1.279401183,0
5.785311417,10.26220963,-15.32992126,-8.275091858,-0.7019078732,0.6060262322,-0.808794558,0
5.795263417,8.281977539,-16.72531952,-6.943011932,-0.7274470329,0.04572087899,-0.2851703763,0
5.805215417,5.988896027,-18.27070587,-5.458848267,-0.6088298559,-0.5941842794,0.4132662416,0
5.815167417,3.48565155,-19.3492131,-4.004921722,-0.4435336292,-1.09417963,1.366417885,0
5.825120417,0.9846524048,-19.46118027,-2.709515533,-0.2910985649,-1.34376657,2.433244705,0
5.835072417,-0.5334906006,-18.99714523,-1.529219971,-0.2220243961,-1.38118875,3.477681875,0
5.845024417,-0.9220825195,-18.12326248,-0.7333250427,-0.1727854759,-1.264526367,4.438166618,0
5.854976417,-0.7409591675,-16.49105667,0.05014572144,-0.06542737037,-1.061499238,5.337043285,0
5.864929417,-0.4734654236,-14.20815399,1.164877625,0.08116021007,-0.7820271254,6.174711704,0
5.874881417,0.08247848511,-11.35553604,2.107617188,0.2033800185,-0.3950431049,6.846953392,0
5.884833417,1.106349335,-7.872578888,2.67134491,0.2587333024,0.1350426227,7.356848717,0
5.894785417,2.265389099,-3.489094391,2.90530838,0.1732663959,0.6777397394,7.759100437,0
5.904738417,3.277284851,3.442690887,2.794089661,-0.2148515135,1.159334421,7.955221176,0
5.914690417,5.453459473,13.73004822,2.24188797,-0.907237947,1.606102109,7.902347565,0
5.924642417,8.752598877,31.24243103,1.714534607,-1.831376672,1.440379381,6.929235458,0
5.934594417,14.30350571,48.65377396,2.851869507,-2.72997117,1.404377818,4.194224358,0
5.944547417,23.48107086,55.572686,4.803810425,-3.24334693,1.903983116,1.509935141,0
5.954499417,23.88148819,61.15218338,8.138276367,-3.113999367,1.78241539,-0.7422381043,0
5.964451417,17.93615158,64.12634857,13.87300095,-2.145730734,2.01072669,-2.561740637,0
5.974403417,11.82016983,65.26982071,18.53790024,-0.5722341537,2.164576054,-3.650640488,0
5.984356417,6.161487122,63.70587296,19.82297791,0.7626148462,2.176532984,-4.38149929,0
5.994308417,4.943470001,57.73254456,15.2962413,1.164105773,1.771455765,-5.094254017,0
6.004260417,6.835385742,44.18062592,8.585246887,1.018444777,1.965014219,-5.913221359,0
6.014212417,9.161698151,28.57123581,2.032772827,0.7432867885,1.972333431,-5.956224918,0
6.024165417,6.725963287,25.04711426,-0.2520758057,0.395380199,1.927474022,-5.879758358,0
6.034117417,7.107519836,19.73795471,-1.355581055,0.2272785306,1.968143106,-5.884672165,0
6.044069417,9.025331726,14.98893036,-2.458786926,0.322396785,1.86727345,-5.901848316,0
6.054021417,10.53284683,11.50687134,-1.941462708,0.6678826213,1.738431334,-5.882008076,0
6.063974417,11.49444717,8.267308044,-1.338366852,1.228705287,1.605244756,-5.833930969,0
6.073926417,12.27342728,5.093009033,-0.6209088135,1.981009007,1.423551798,-5.658366203,0
6.083878417,12.29333588,1.720821533,-0.2677931213,2.883055925,1.082409024,-5.314357758,0
6.093831417,11.72736282,-1.76213562,-0.4318519592,3.747388363,0.6325980425,-4.863472939,0
6.103783417,11.49789001,-4.67328186,-1.312321014,4.25611639,0.1392357349,-4.355287075,0
6.113735417,11.5020813,-6.721921692,-3.291654968,4.141108036,-0.3866671324,-3.805358887,0
6.123687417,11.80909286,-7.611970825,-5.749992828,3.406660795,-0.7510488629,-3.203792095,0
6.133640417,12.53747818,-7.838300171,-7.819439392,2.2479949,-0.8564726114,-2.66661334,0
6.143592417,13.46330292,-8.194858704,-9.023834839,0.9292836189,-0.8204869032,-2.278956175,0
6.153544417,13.91326721,-8.806187439,-9.198521576,-0.123378396,-0.8468467593,-1.925817251,0
6.163496417,13.53874603,-9.445507965,-7.955656128,-0.6084395647,-1.057413578,-1.437081337,0
6.173449417,12.44377304,-10.32283356,-5.365292816,-0.5599533319,-1.370791554,-0.8874655962,0
6.183401417,11.45223495,-11.55746613,-2.598895569,-0.05130821839,-1.698711157,-0.3566112816,0
6.193353417,10.76920532,-12.74584488,-0.05523513794,0.7169681787,-1.882282615,0.1920542568,0
6.203305417,9.598938904,-13.76866791,1.525328064,1.397871614,-1.962624073,0.8662347794,0
6.213258417,7.864495697,-14.06145905,1.610500946,1.706332803,-1.987520933,1.831158519,0
6.223210417,5.557193756,-13.77495483,0.5508544922,1.664928555,-1.92644608,3.018696785,0
6.233162417,3.806135101,-13.50356918,-0.5736071777,1.389891863,-1.753077745,4.260066509,0
6.243114417,3.493435364,-12.9287645,-1.315464478,1.00281024,-1.452093482,5.411114693,0
6.253067417,4.546345825,-11.77346695,-1.977238312,0.6332536936,-1.077848434,6.505284309,0
6.263019417,5.837411041,-10.46982788,-2.495310974,0.3022015095,-0.8130597472,7.58476162,0
6.272971417,7.299121399,-8.445886688,-2.682721252,-0.04304203391,-0.5353597999,8.589539528,0
6.282923417,9.105864258,-5.545218658,-3.168012085,-0.4295444787,-0.3252534568,9.320944786,0
6.292876417,11.28114075,-1.592388611,-3.658242645,-0.7180932164,-0.2358675003,9.740983009,0
6.302828417,13.77031448,4.051325226,-3.718866577,-0.8851232529,-0.2412556112,9.82515049,0
6.312780417,16.52847885,10.17045044,-3.28207489,-0.9275755882,-0.08593586832,9.499490738,0
6.322732417,19.77253281,17.75233383,-2.98374527,-0.8537724614,0.04292171076,8.835798264,0
6.332685417,21.88943069,26.96043549,-2.465672607,-0.8942587376,-0.1447990835,7.810941219,0
6.342637417,21.84392532,33.24376923,-2.575095062,-1.270660996,-0.4569974542,6.823884487,0
6.352589417,18.80719025,36.38588516,-4.365970917,-1.667621136,-0.5608022213,6.040958405,0
6.362542417,15.43649963,39.94144135,-4.105063477,-1.963038206,-0.3654923439,5.215500832,0
6.372494417,12.814552,42.23182846,-2.15417038,-2.161655664,-0.1020079032,4.316440105,0
6.382446417,10.46608566,43.59175049,-0.9964778137,-2.20919466,0.02435456775,3.02838707,0
6.392398417,9.258397064,44.54990799,0.08726852417,-2.358206749,0.01674972102,1.812621117,0
6.402351417,6.663992157,44.01866272,0.3375480652,-2.457902431,0.03333775327,0.7113044262,0
6.412303417,3.968247986,42.34484344,1.116378479,-2.203999281,0.2003950328,-0.4180519581,0
6.422255417,2.713706818,39.00064774,3.539090424,-1.603232861,0.4227854908,-1.347135067,0
6.432207417,0.7759863281,35.04452454,5.868845673,-0.8256282806,0.69942981,-2.119544983,0
6.442160417,-0.7506889343,30.62676132,6.851252747,-0.1095982715,0.999450624,-2.824283838,0
6.452112417,-1.354084167,26.09673157,6.027665405,0.4281908274,1.24427247,-3.466839552,0
6.462064417,-1.355730743,21.90110641,4.228406982,0.7391255498,1.414747,-3.936565161,0
6.472016417,-1.309177551,18.82485352,2.389481049,0.8631529212,1.542017579,-4.315705299,0
6.481968417,-0.09819580078,17.09400284,0.8583151245,0.8343063593,1.625272155,-4.818199158,0
6.491921417,2.77313324,15.72480011,-0.397124176,0.6533018351,1.655535579,-5.393361092,0
6.501873417,5.604794769,14.41083252,-1.64283371,0.4397884607,1.629267573,-5.946925163,0
6.511825417,7.768096161,12.74659332,-2.237546997,0.3180847466,1.580929399,-6.410429955,0
6.521778417,9.077423401,10.90153015,-1.861977997,0.3084329069,1.552908182,-6.737149239,0
6.531730417,9.881850586,9.143436127,-1.132095795,0.349883914,1.612588048,-6.899887085,0
6.541682417,10.50395691,8.002658386,-0.4950205994,0.4139246941,1.702948928,-6.994726181,0
6.551634417,11.40029297,8.034093018,0.1639091492,0.5484592915,1.811341405,-7.223838806,0
6.561587417,13.06692719,8.24560318,1.001716919,0.7791678309,2.01026845,-7.501173973,0
6.571539417,13.75609406,7.854616241,1.706152039,1.080324173,2.176879644,-7.571323872,0
6.581491417,12.50754044,7.678881683,2.305954742,1.417804241,2.148794889,-7.444334984,0
6.591443667,11.07262436,8.057893524,3.015030212,1.794906735,2.00455904,-7.311470032,0
6.601396667,10.67879333,7.686515808,3.345093842,2.168087482,1.905209064,-7.138643265,0
6.611348667,10.21655457,6.2400737,3.121309204,2.581613541,1.825691223,-6.7378335,0
6.621300667,9.323511658,4.84302887,2.745440826,3.163682222,1.601626635,-6.12795639,0
6.631252667,9.013656006,3.332519989,2.437680817,3.847834349,1.204678655,-5.432641983,0
6.641205667,9.108708344,1.306333466,1.508113861,4.3893857,0.6564034224,-4.611788273,0
6.651157667,9.064250793,-1.186582489,-0.4237687683,4.551465034,0.1361013651,-3.61584425,0
6.661109667,8.118816833,-3.646866302,-2.93344986,4.205740452,-0.2838633955,-2.474295855,0
6.671061667,5.911956024,-5.260810089,-5.404960327,3.311550856,-0.7517513633,-1.178929925,0
6.681014667,3.634142761,-5.699098663,-7.258106689,1.956798315,-1.055424929,0.2253804058,0
6.690966667,2.210752716,-5.331463165,-8.404871979,0.5305432081,-1.000834942,1.482584834,0
6.700918667,2.749931488,-5.093907166,-8.237220612,-0.5492061973,-0.6799700856,2.407377243,0
6.710870667,4.227359161,-5.472769318,-6.183042297,-1.115801096,-0.3098574281,3.170836687,0
6.720823667,4.551734619,-6.044280853,-3.803291016,-1.216513038,-0.1289939135,3.945035696,0
6.730775667,3.76302475,-6.530918884,-1.917213135,-0.9064834118,-0.203402102,4.740221977,0
6.740727667,2.69349884,-6.865772552,-0.3622467041,-0.3424828649,-0.423661232,5.519730568,0
6.750679667,2.27811264,-7.071444855,0.5397775269,0.2795383036,-0.6158168316,6.247859478,0
6.760632667,2.793939972,-6.978488159,0.4947212219,0.6986899972,-0.6913893819,6.92667675,0
6.770584667,4.19592453,-6.135740662,-0.4290078735,0.8557113409,-0.6722148657,7.440546513,0
6.780536667,6.301296387,-5.043312378,-1.499431915,0.82299757,-0.5870800018,7.707744598,0
6.790489667,8.727451172,-3.753444672,-2.359842682,0.6558868289,-0.501303494,7.705771446,0
6.800441667,11.10271179,-2.038910065,-2.966980133,0.40906322,-0.3821707368,7.506678104,0
6.810393667,12.82547928,-0.4131408691,-3.245251465,0.1681548208,-0.2773078084,7.304932594,0
6.820345667,12.90017395,1.221909027,-3.296894073,-0.02988076583,-0.2522583902,7.277568817,0
6.830298667,11.45477966,2.939886475,-3.068918152,-0.261721313,-0.2659054697,7.427967072,0
6.840250667,9.836345215,5.290598145,-2.955304413,-0.5273026824,-0.1848129928,7.496134281,0
6.850202667,9.904453583,8.39888443,-2.690804443,-0.7515451312,0.1372038573,7.238059521,0
6.860154667,11.15450409,11.69128784,-2.134860535,-1.024323106,0.5898658633,6.741838932,0
6.870107667,11.65910477,15.92658051,-2.123035126,-1.564090252,0.9577612877,6.06910944,0
6.880059667,10.47850983,21.38438095,-2.776875458,-2.574384212,1.046304464,5.295154572,0
6.890011667,7.32711319,26.33309006,-4.183200989,-3.928564548,0.8967234492,4.609806061,0
6.899963667,3.887116699,30.02336609,-5.404361572,-4.892386436,0.7325467467,3.938132048,0
6.909916667,2.463876343,33.12252136,-3.440595245,-4.7408638,0.6662337184,2.943182468,0
6.919868667,3.149300995,36.25745224,2.973716125,-3.618922949,0.7114126086,1.683197618,0
6.929820667,3.855682068,39.52156448,9.465266876,-2.120046377,0.8427332044,0.4859535694,0
6.939772667,3.602857819,41.95939499,12.51532425,-0.9214314222,0.9978852272,-0.7708898783,0
6.949725667,3.866309967,42.4370517,11.31751511,-0.3327643275,1.201554656,-2.034662485,0
6.959677667,3.936663666,40.31671097,7.248376923,-0.2980985045,1.294577003,-2.94982481,0
6.969629667,2.359094238,36.9175795,3.16037796,-0.7769730687,1.332796454,-3.436223745,0
6.979581667,0.7767347717,33.16218887,-0.5212161255,-1.62762475,1.494641542,-3.702659369,0
6.989534667,1.155896301,30.42542999,-3.071313171,-2.614082575,1.833430409,-3.937318563,0
6.999486667,3.016078033,28.63889511,-4.063150635,-3.484266996,2.271128416,-4.149089336,0
7.009438667,5.244793396,27.39617935,-3.582949219,-3.993780136,2.718676567,-4.377895832,0
7.019390667,7.360194397,25.89285553,-1.910477142,-4.110145092,3.087670088,-4.619028091,0
7.029343667,9.155560913,23.94465683,-0.1516346741,-3.951104403,3.377950191,-4.823664665,0
7.039295667,10.29588959,21.81743042,1.050216064,-3.614258528,3.6013937,-4.870785713,0
7.049247667,10.45381119,19.46641937,1.876048737,-3.149633408,3.811647892,-4.717625141,0
7.059199667,9.974657593,16.89985657,2.445165253,-2.657294273,4.026312828,-4.409696102,0
7.069152667,9.517807617,14.45588882,2.43378891,-2.238309383,4.219868183,-4.025864124,0
7.079104667,9.254804535,12.17463272,1.768422546,-1.929405689,4.360741615,-3.549594641,0
7.089056667,8.945996704,10.12569351,0.9407936096,-1.712698698,4.437535286,-3.045046568,0
7.099008667,8.378826141,7.910001068,0.209564209,-1.58881247,4.470157623,-2.470713377,0
7.108961667,7.372917938,5.666167145,-0.4423301697,-1.563473821,4.431590557,-1.908060551,0
7.118913667,6.786736908,3.858226776,-1.042282562,-1.60237515,4.394608021,-1.401066303,0
7.128865667,6.639443207,2.345921631,-1.407073975,-1.665136933,4.278761864,-0.9132460356,0
7.138817667,6.435118103,0.8737330627,-1.709295502,-1.693914771,4.044175148,-0.4975540042,0
7.148770667,6.190377045,-0.6189628601,-2.157014465,-1.689231992,3.640153646,-0.2055109441,0
7.158722667,6.322552185,-1.711091766,-2.461631012,-1.702939034,3.306327105,-0.05785970017,0
7.168674667,6.799759827,-2.428400116,-2.418370972,-1.799507737,3.242218018,0.06942556798,0
7.178626667,6.783443756,-3.316203918,-2.040257263,-1.937206507,3.473181248,0.3132509887,0
7.188579667,6.162235565,-4.044888611,-1.830393677,-2.030918121,3.744641066,0.7032185197,0
7.198531667,5.167554016,-4.495601349,-1.780996399,-2.013071299,3.824206591,1.130431294,0
7.208483667,3.967649231,-4.641996918,-1.740281067,-1.83974719,3.688224792,1.470712423,0
7.218435667,2.847827911,-4.36671936,-1.531465302,-1.497754693,3.352423429,1.72925508,0
7.228388667,1.92245224,-3.792513428,-0.9813592529,-1.0135535,2.913055182,1.966623068,0
7.238340667,1.247655487,-3.020119629,-0.04969665527,-0.5385618806,2.382942677,2.220042467,0
7.248292667,0.7915539551,-2.17991684,0.8738827515,-0.2124031931,1.871904612,2.513214588,0
7.258244667,0.08996292114,-1.100960541,1.237326965,-0.08880374581,1.531627536,2.700097561,0
7.268197667,-0.3390449524,0.7698490906,1.154998169,-0.1783777475,1.325127006,2.640568495,0
7.278149667,0.299078064,2.963537292,1.377884674,-0.5326638818,1.109954476,2.323471785,0
7.288101667,1.067280579,4.869074707,1.511856079,-1.16361475,0.7410313487,1.926546574,0
7.298053667,0.7131170654,6.450236664,1.276395721,-1.882591009,0.381264627,1.631862998,0
7.308006667,-0.3297642517,7.43234436,1.410067749,-2.432307959,0.0188276656,1.52347827,0
7.317958667,-1.061592407,7.947123871,3.110681305,-2.69064188,-0.2931153178,1.515697598,0
7.327910667,-1.154249725,7.846682739,5.580994263,-2.671900272,-0.5999225378,1.52179563,0
7.337862667,-1.391057281,8.257578278,7.773035889,-2.446891069,-0.8595413566,1.488909602,0
7.347815667,-1.403331757,9.321266327,9.297615509,-2.16209507,-1.104982495,1.389628887,0
7.357767667,-0.7182064819,10.00579285,9.970466309,-1.992087364,-1.445645809,1.24813354,0
7.367719667,0.09969268799,9.936936035,10.04067032,-1.952454686,-1.763148904,1.055570245,0
7.377671667,0.9964778137,9.557774506,9.952952728,-1.950782776,-1.878594756,0.8023963571,0
7.387624667,1.814227295,9.357790375,10.27388535,-1.864892483,-1.627513051,0.3688351512,0
7.397576667,3.408861237,9.556876373,10.88222031,-1.689528346,-1.278690934,-0.2295963168,0
7.407528667,5.293741608,10.34393967,11.12726074,-1.536908984,-1.115846634,-0.8004616499,0
7.417481667,5.025649109,10.56053925,10.6473587,-1.565767288,-0.8473212123,-0.9151989222,0
7.427433667,2.041005707,9.524992676,8.876092072,-1.667433143,-0.6656591296,-0.7207025886,0
7.437385667,0.2938389587,8.674461365,7.484735413,-1.735239148,-0.5669565201,-0.4742342532,0
7.447337667,-0.4728666687,7.889344025,7.14224762,-1.626222849,-0.4411154687,-0.3160800934,0
7.457290667,-0.1520837402,7.544311523,7.929310913,-1.328474045,-0.3801559806,-0.2374763638,0
7.467242667,0.4393363953,7.331603851,8.946745148,-1.011144161,-0.4681487978,-0.1649098247,0
7.477194667,0.005089416504,6.478827209,8.481662292,-0.7066062689,-0.7883377075,-0.09005182981,0
7.487146667,-0.6610253906,5.833968201,7.399412842,-0.4058349133,-1.167029738,-0.05206652731,0
7.497099667,-0.8042774963,5.435796204,6.586154022,-0.1074681804,-1.448717356,-0.04349141568,0
7.507051667,-0.5972579956,4.753964081,6.374793549,0.1582563519,-1.543806911,-0.03131555393,0
7.517003667,-0.2730322266,4.103716278,6.164929962,0.3418059647,-1.439213157,-0.01192614343,0
7.526955667,-0.04370910645,3.60031311,6.005361786,0.4989564121,-1.182070851,-0.01016466133,0
7.536908667,0.6258485413,3.647764435,6.040838013,0.5944944024,-0.8842522502,-0.1024019122,0
7.546860667,1.739832001,3.944896545,5.751639404,0.6115856171,-0.6510559916,-0.2475357205,0
7.556812667,2.109862518,4.32809967,5.257367249,0.5857462883,-0.5422070622,-0.3877466321,0
7.566764667,1.941612396,4.813839569,4.737797699,0.5363320112,-0.6336221099,-0.4249331355,0
7.576717667,1.27070755,5.228327637,4.41117691,0.4644338489,-0.8779492974,-0.3831127286,0
7.586669667,0.6180647278,5.661526794,4.338428192,0.3919111788,-1.188008547,-0.3026636541,0
7.596621792,0.274379425,6.040987701,4.771477661,0.347559154,-1.437972307,-0.192134738,0
7.606573792,0.222437439,6.353388062,5.255570984,0.2805139124,-1.538017035,-0.09830117226,0
7.616526792,0.4095483398,6.735243988,5.743855591,0.1601299942,-1.413695455,-0.05996176973,0
7.626478792,0.8646020508,7.294481049,6.306236115,-0.06032185256,-1.123909473,-0.04236005247,0
7.636430792,1.320404205,7.575446777,6.411317596,-0.3325472474,-0.7202225327,-0.2637803257,0
7.646382792,2.984044647,7.58218277,6.771019592,-0.6988753676,-0.4018346071,-0.477227807,0
7.656335792,4.543950806,8.337062988,6.908284149,-0.9948872924,-0.3237831891,-0.5879268646,0
7.666287792,3.730392609,8.528664551,6.938970337,-1.093441367,-0.3339031637,-0.5418125987,0
7.676239792,3.171155548,8.170908508,7.960446167,-1.061278701,-0.3974203467,-0.3885780275,0
7.686191792,2.712359619,8.356522522,9.249415741,-0.9737446308,-0.3225786686,-0.2378122807,0
7.696144792,2.976859589,8.819360046,9.723180542,-0.8459086418,-0.2636173368,-0.1329692304,0
7.706096792,3.464096375,9.26827652,10.10309052,-0.7471434474,-0.2630192041,-0.06483598053,0
7.716048792,3.600911865,8.98865799,9.79248642,-0.6321787834,-0.318346113,0.04533899948,0
7.726000792,3.222798157,8.512647858,9.437574463,-0.454738766,-0.4097464979,0.1539238542,0
7.735953792,2.947071533,8.22689209,9.417366486,-0.2289421111,-0.4231291413,0.2311390042,0
7.745905792,2.966830444,8.223748627,9.275910645,-0.006243692245,-0.3439033926,0.2798980772,0
7.755857792,2.964585114,8.312813416,8.865913239,0.1131607294,-0.1845939159,0.2586756051,0
7.765809792,3.183879089,8.149203644,7.850275269,0.1893799603,-0.02594369091,0.2424887419,0
7.775762792,3.09601181,7.990234222,7.129224701,0.2469684184,0.08203524351,0.2174928486,0
7.785714792,2.69125351,7.842341766,6.621181183,0.294211477,0.1451459676,0.1820103973,0
7.795666792,2.294129333,7.591613159,6.425238647,0.2998456657,0.1782186925,0.1231856942,0
7.805618792,2.000290375,7.374863892,6.237079926,0.2741135657,0.155229792,0.05202442408,0
7.815571792,1.678908691,7.200626221,6.043831787,0.2316617072,0.04190456867,-0.02937775478,0
7.825523792,1.436712341,7.005432129,6.008056183,0.1720769852,-0.09907952696,-0.1051280051,0
7.835475792,1.334624634,6.792574768,5.840404816,0.1313868165,-0.222781226,-0.1648773551,0
7.845427792,1.272354126,6.616989899,5.897136841,0.1085111648,-0.3369736373,-0.1964573711,0
7.855380792,1.321901093,6.599775696,6.173462219,0.07810665667,-0.3993589878,-0.168193236,0
7.865332792,1.209784241,6.609056396,6.130651245,0.02635806054,-0.392816335,-0.1392914504,0
7.875284792,1.462009735,6.716832275,6.010151825,-0.01609139517,-0.3051003218,-0.1391766667,0
7.885236792,1.810036011,6.843768311,6.015690308,-0.4488212466,0.05437181517,-0.1144670546,0
7.895189792,1.823358307,6.766977997,4.232298889,-0.4551128745,0.006712297443,-0.02617895976,0
7.905141792,1.664837952,6.323600006,5.709726562,-0.3586571515,0.2596332431,0.07484272867,0
7.915093792,1.340761871,6.272705841,6.740034027,-0.2766464353,0.3253006637,0.05446848273,0
7.925045792,1.774110718,6.308331757,6.857389984,-0.2179733664,0.3821542263,0.03806226701,0
7.934998792,2.223326569,5.925128632,6.888375549,-0.1171500981,0.3407191634,0.02788899094,0
7.944950792,2.16345108,5.967789917,7.093748474,0.0028645196,0.2296738625,0.004068522714,0
7.954902792,2.126178589,6.027515717,7.372319183,0.08377028257,0.1163395792,-0.01026993617,0
7.964854792,2.14009964,5.99203949,7.414980469,0.1073719934,0.05023022369,0.02003237605,0
7.974807792,2.102527771,5.925128632,7.257657623,0.05861191079,-0.002170933876,0.1064721867,0
